date,open,high,low,close
2016-01-04,0.8072500228881836,0.8144999742507935,0.8009999990463257,0.809249997138977
2016-01-05,0.8245000243186951,0.8360000252723694,0.8125,0.8222500085830688
2016-01-06,0.8087499737739563,0.8125,0.7789999842643738,0.7882500290870667
2016-01-07,0.7684999704360962,0.7737500071525574,0.746999979019165,0.7570000290870667
2016-01-08,0.7667499780654907,0.7674999833106995,0.7392500042915344,0.7407500147819519
2016-01-11,0.7415000200271606,0.7472500205039978,0.7287499904632568,0.7419999837875366
2016-01-12,0.7552499771118164,0.765500009059906,0.7492499947547913,0.7544999718666077
2016-01-13,0.7602499723434448,0.765250027179718,0.7307500243186951,0.7315000295639038
2016-01-14,0.7164999842643738,0.7250000238418579,0.6955000162124634,0.7167500257492065
2016-01-15,0.6880000233650208,0.6962500214576721,0.6660000085830688,0.6777499914169312
2016-01-19,0.6917499899864197,0.7112500071525574,0.6804999709129333,0.6832500100135803
2016-01-20,0.6702499985694885,0.6957499980926514,0.6612499952316284,0.6869999766349792
2016-01-21,0.6945000290870667,0.7057499885559082,0.6802499890327454,0.6949999928474426
2016-01-22,0.7082499861717224,0.7160000205039978,0.7067499756813049,0.7112500071525574
2016-01-25,0.7110000252723694,0.7192500233650208,0.7089999914169312,0.7105000019073486
2016-01-26,0.7120000123977661,0.7204999923706055,0.7047500014305115,0.7174999713897705
2016-01-27,0.7164999842643738,0.71875,0.6955000162124634,0.7089999914169312
2016-01-28,0.7147499918937683,0.7172499895095825,0.6875,0.7012500166893005
2016-01-29,0.7072499990463257,0.7337499856948853,0.7045000195503235,0.7322499752044678
2016-02-01,0.7315000295639038,0.7362499833106995,0.7252500057220459,0.7325000166893005
2016-02-02,0.7250000238418579,0.7287499904632568,0.6965000033378601,0.7014999985694885
2016-02-03,0.7070000171661377,0.7112500071525574,0.6887500286102295,0.7049999833106995
2016-02-04,0.7059999704360962,0.7212499976158142,0.6982499957084656,0.7052500247955322
2016-02-05,0.7005000114440918,0.7082499861717224,0.6587499976158142,0.6607499718666077
2016-02-08,0.6507499814033508,0.6539999842643738,0.6212499737739563,0.6305000185966492
2016-02-09,0.6230000257492065,0.6637499928474426,0.6200000047683716,0.6372500061988831
2016-02-10,0.6412500143051147,0.6597499847412109,0.6322500109672546,0.6357499957084656
2016-02-11,0.6194999814033508,0.6389999985694885,0.6194999814033508,0.6324999928474426
2016-02-12,0.6424999833106995,0.6445000171661377,0.6187499761581421,0.6432499885559082
2016-02-16,0.6524999737739563,0.6757500171661377,0.6504999995231628,0.6747499704360962
2016-02-17,0.6832500100135803,0.6980000138282776,0.6804999709129333,0.6915000081062317
2016-02-18,0.7482500076293945,0.7745000123977661,0.7475000023841858,0.7509999871253967
2016-02-19,0.746999979019165,0.7677500247955322,0.7412499785423279,0.7609999775886536
2016-02-22,0.7720000147819519,0.796750009059906,0.7705000042915344,0.7879999876022339
2016-02-23,0.7817500233650208,0.7975000143051147,0.777999997138977,0.7900000214576721
2016-02-24,0.7867500185966492,0.796750009059906,0.7649999856948853,0.7954999804496765
2016-02-25,0.7985000014305115,0.8012499809265137,0.7829999923706055,0.797249972820282
2016-02-26,0.8009999990463257,0.8029999732971191,0.7839999794960022,0.7919999957084656
2016-02-29,0.7902500033378601,0.8004999756813049,0.7835000157356262,0.7839999794960022
2016-03-01,0.7860000133514404,0.8187500238418579,0.7847499847412109,0.8187500238418579
2016-03-02,0.8142499923706055,0.8264999985694885,0.812749981880188,0.8234999775886536
2016-03-03,0.8224999904632568,0.8259999752044678,0.8052499890327454,0.8162500262260437
2016-03-04,0.8224999904632568,0.8232499957084656,0.8075000047683716,0.8137500286102295
2016-03-07,0.809249997138977,0.8147500157356262,0.7979999780654907,0.8084999918937683
2016-03-08,0.8002499938011169,0.8050000071525574,0.7912499904632568,0.793749988079071
2016-03-09,0.8007500171661377,0.8019999861717224,0.7829999923706055,0.7932500243186951
2016-03-10,0.7979999780654907,0.8025000095367432,0.7760000228881836,0.7919999957084656
2016-03-11,0.8037499785423279,0.8057500123977661,0.7942500114440918,0.8054999709129333
2016-03-14,0.8017500042915344,0.8107500076293945,0.7979999780654907,0.8075000047683716
2016-03-15,0.8032500147819519,0.8084999918937683,0.7892500162124634,0.8034999966621399
2016-03-16,0.7975000143051147,0.8302500247955322,0.793749988079071,0.8274999856948853
2016-03-17,0.8245000243186951,0.828499972820282,0.809249997138977,0.8205000162124634
2016-03-18,0.8302500247955322,0.856249988079071,0.824999988079071,0.8452500104904175
2016-03-21,0.8377500176429749,0.8479999899864197,0.8287500143051147,0.8477500081062317
2016-03-22,0.8450000286102295,0.8522499799728394,0.8357499837875366,0.8462499976158142
2016-03-23,0.8500000238418579,0.8669999837875366,0.8462499976158142,0.8607500195503235
2016-03-24,0.8529999852180481,0.8634999990463257,0.8502500057220459,0.8619999885559082
2016-03-28,0.8604999780654907,0.8744999766349792,0.859499990940094,0.8707500100135803
2016-03-29,0.8669999837875366,0.8867499828338623,0.8650000095367432,0.8847500085830688
2016-03-30,0.8880000114440918,0.90625,0.887499988079071,0.8939999938011169
2016-03-31,0.8980000019073486,0.8999999761581421,0.8837500214576721,0.890749990940094
2016-04-01,0.8852499723434448,0.9042500257492065,0.8784999847412109,0.9037500023841858
2016-04-04,0.9112499952316284,0.9160000085830688,0.8914999961853027,0.8949999809265137
2016-04-05,0.8870000243186951,0.9020000100135803,0.8834999799728394,0.893750011920929
2016-04-06,0.8824999928474426,0.8955000042915344,0.8657500147819519,0.8949999809265137
2016-04-07,0.8892499804496765,0.8972499966621399,0.8820000290870667,0.8857499957084656
2016-04-08,0.8930000066757202,0.8987500071525574,0.8827499747276306,0.8914999961853027
2016-04-11,0.8967499732971191,0.9117500185966492,0.8939999938011169,0.8970000147819519
2016-04-12,0.8999999761581421,0.9012500047683716,0.8784999847412109,0.8960000276565552
2016-04-13,0.8999999761581421,0.918749988079071,0.8999999761581421,0.9185000061988831
2016-04-14,0.9160000085830688,0.925000011920929,0.9122499823570251,0.9210000038146973
2016-04-15,0.9207500219345093,0.9365000128746033,0.9177500009536743,0.9282500147819519
2016-04-18,0.9265000224113464,0.9265000224113464,0.9152500033378601,0.9242500066757202
2016-04-19,0.9277499914169312,0.9294999837875366,0.9020000100135803,0.9077500104904175
2016-04-20,0.90625,0.9167500138282776,0.9052500128746033,0.9112499952316284
2016-04-21,0.9114999771118164,0.9157500267028809,0.90625,0.9102500081062317
2016-04-22,0.9132500290870667,0.9194999933242798,0.9037500023841858,0.9067500233650208
2016-04-25,0.9070000052452087,0.9162499904632568,0.9045000076293945,0.9112499952316284
2016-04-26,0.9167500138282776,0.9272500276565552,0.9079999923706055,0.9120000004768372
2016-04-27,0.9097499847412109,0.9332500100135803,0.9079999923706055,0.9327499866485596
2016-04-28,0.9269999861717224,0.9325000047683716,0.9027500152587891,0.9049999713897705
2016-04-29,0.9012500047683716,0.903249979019165,0.8784999847412109,0.8882499933242798
2016-05-02,0.8967499732971191,0.9054999947547913,0.8924999833106995,0.8999999761581421
2016-05-03,0.8897500038146973,0.8934999704360962,0.8815000057220459,0.8892499804496765
2016-05-04,0.8784999847412109,0.8792499899864197,0.8600000143051147,0.8690000176429749
2016-05-05,0.8762500286102295,0.8845000267028809,0.8677499890327454,0.8742499947547913
2016-05-06,0.8727499842643738,0.8855000138282776,0.8709999918937683,0.8832499980926514
2016-05-09,0.8855000138282776,0.8892499804496765,0.874750018119812,0.8820000290870667
2016-05-10,0.887499988079071,0.9004999995231628,0.8790000081062317,0.8989999890327454
2016-05-11,0.9017500281333923,0.9114999771118164,0.8967499732971191,0.9014999866485596
2016-05-12,0.9079999923706055,0.9120000004768372,0.8732500076293945,0.8892499804496765
2016-05-13,0.9797499775886536,1.024999976158142,0.9750000238418579,1.0245000123977661
2016-05-16,1.0167499780654907,1.0700000524520874,1.0134999752044678,1.0547499656677246
2016-05-17,1.0499999523162842,1.0644999742507935,1.0364999771118164,1.0570000410079956
2016-05-18,1.0499999523162842,1.096250057220459,1.0499999523162842,1.0839999914169312
2016-05-19,1.0797499418258667,1.096500039100647,1.0782500505447388,1.0887500047683716
2016-05-20,1.0954999923706055,1.1127500534057617,1.09375,1.1082500219345093
2016-05-23,1.1130000352859497,1.1172499656677246,1.1032500267028809,1.1100000143051147
2016-05-24,1.1104999780654907,1.1375000476837158,1.1074999570846558,1.1339999437332153
2016-05-25,1.1375000476837158,1.1422499418258667,1.1202499866485596,1.1292500495910645
2016-05-26,1.131250023841858,1.1495000123977661,1.128000020980835,1.1412500143051147
2016-05-27,1.1425000429153442,1.1492500305175781,1.1387499570846558,1.1475000381469727
2016-05-31,1.152500033378601,1.1705000400543213,1.1517499685287476,1.1679999828338623
2016-06-01,1.162500023841858,1.18149995803833,1.159000039100647,1.1702500581741333
2016-06-02,1.1764999628067017,1.1885000467300415,1.1649999618530273,1.1785000562667847
2016-06-03,1.1670000553131104,1.1684999465942383,1.1414999961853027,1.1619999408721924
2016-06-06,1.1649999618530273,1.1740000247955322,1.149999976158142,1.156000018119812
2016-06-07,1.1629999876022339,1.1694999933242798,1.1577500104904175,1.1582499742507935
2016-06-08,1.1584999561309814,1.162750005722046,1.1449999809265137,1.1545000076293945
2016-06-09,1.1505000591278076,1.1862499713897705,1.1480000019073486,1.184499979019165
2016-06-10,1.1705000400543213,1.180999994277954,1.153499960899353,1.1549999713897705
2016-06-13,1.15625,1.1924999952316284,1.15625,1.1697499752044678
2016-06-14,1.1670000553131104,1.1775000095367432,1.1540000438690186,1.1720000505447388
2016-06-15,1.1817500591278076,1.1942499876022339,1.1687500476837158,1.184000015258789
2016-06-16,1.1752500534057617,1.190750002861023,1.1637500524520874,1.1887500286102295
2016-06-17,1.190250039100647,1.190500020980835,1.1632499694824219,1.1679999828338623
2016-06-20,1.186750054359436,1.2042499780654907,1.1859999895095825,1.1890000104904175
2016-06-21,1.194000005722046,1.1972500085830688,1.1799999475479126,1.1817500591278076
2016-06-22,1.184249997138977,1.1920000314712524,1.1787500381469727,1.1807500123977661
2016-06-23,1.1920000314712524,1.2135000228881836,1.191249966621399,1.212249994277954
2016-06-24,1.162500023841858,1.184000015258789,1.1325000524520874,1.1432499885559082
2016-06-27,1.1337499618530273,1.1425000429153442,1.1142499446868896,1.13100004196167
2016-06-28,1.152500033378601,1.153749942779541,1.1317499876022339,1.1475000381469727
2016-06-29,1.1575000286102295,1.1752500534057617,1.1545000076293945,1.1662499904632568
2016-06-30,1.1682499647140503,1.1825000047683716,1.158750057220459,1.1752500534057617
2016-07-01,1.1687500476837158,1.184000015258789,1.162500023841858,1.1664999723434448
2016-07-05,1.159999966621399,1.1857500076293945,1.1507500410079956,1.183750033378601
2016-07-06,1.1755000352859497,1.1982500553131104,1.1694999933242798,1.191249966621399
2016-07-07,1.1992499828338623,1.2265000343322754,1.193750023841858,1.222249984741211
2016-07-08,1.2352499961853027,1.277250051498413,1.2304999828338623,1.2712500095367432
2016-07-11,1.2894999980926514,1.309999942779541,1.2879999876022339,1.3005000352859497
2016-07-12,1.315000057220459,1.3320000171661377,1.2984999418258667,1.3200000524520874
2016-07-13,1.3224999904632568,1.3300000429153442,1.3174999952316284,1.3194999694824219
2016-07-14,1.3265000581741333,1.3450000286102295,1.315500020980835,1.3329999446868896
2016-07-15,1.315999984741211,1.3235000371932983,1.2960000038146973,1.3174999952316284
2016-07-18,1.3337500095367432,1.3357499837875366,1.3192499876022339,1.3242499828338623
2016-07-19,1.3235000371932983,1.343250036239624,1.3209999799728394,1.3380000591278076
2016-07-20,1.3424999713897705,1.3627500534057617,1.3370000123977661,1.3554999828338623
2016-07-21,1.3524999618530273,1.3567500114440918,1.3259999752044678,1.3305000066757202
2016-07-22,1.3352500200271606,1.3667500019073486,1.3255000114440918,1.3667500019073486
2016-07-25,1.375,1.3952499628067017,1.36899995803833,1.3919999599456787
2016-07-26,1.4042500257492065,1.4229999780654907,1.402250051498413,1.4157500267028809
2016-07-27,1.4279999732971191,1.4305000305175781,1.3930000066757202,1.4014999866485596
2016-07-28,1.4047499895095825,1.4149999618530273,1.40024995803833,1.4045000076293945
2016-07-29,1.409749984741211,1.431249976158142,1.3845000267028809,1.4275000095367432
2016-08-01,1.433500051498413,1.4387500286102295,1.409000039100647,1.4182499647140503
2016-08-02,1.4249999523162842,1.4257500171661377,1.3875000476837158,1.4010000228881836
2016-08-03,1.3992500305175781,1.4075000286102295,1.3914999961853027,1.4047499895095825
2016-08-04,1.4114999771118164,1.437250018119812,1.408750057220459,1.4307500123977661
2016-08-05,1.4472500085830688,1.4557499885559082,1.440250039100647,1.4550000429153442
2016-08-08,1.475000023841858,1.4785000085830688,1.4529999494552612,1.468500018119812
2016-08-09,1.4757499694824219,1.4865000247955322,1.468500018119812,1.472249984741211
2016-08-10,1.4852499961853027,1.4874999523162842,1.4579999446868896,1.46274995803833
2016-08-11,1.4704999923706055,1.4987499713897705,1.4674999713897705,1.4924999475479126
2016-08-12,1.5475000143051147,1.5844999551773071,1.5157500505447388,1.5759999752044678
2016-08-15,1.5777499675750732,1.587499976158142,1.5532499551773071,1.5744999647140503
2016-08-16,1.5722500085830688,1.5747499465942383,1.5602500438690186,1.565000057220459
2016-08-17,1.565000057220459,1.56850004196167,1.5164999961853027,1.528749942779541
2016-08-18,1.5264999866485596,1.5549999475479126,1.5204999446868896,1.5525000095367432
2016-08-19,1.5517499446868896,1.5682499408721924,1.5449999570846558,1.55649995803833
2016-08-22,1.5612499713897705,1.565250039100647,1.5427500009536743,1.562999963760376
2016-08-23,1.5759999752044678,1.5829999446868896,1.5682499408721924,1.5727499723434448
2016-08-24,1.5782500505447388,1.5789999961853027,1.5412499904632568,1.5484999418258667
2016-08-25,1.5490000247955322,1.5497499704360962,1.5190000534057617,1.5382499694824219
2016-08-26,1.5422500371932983,1.559499979019165,1.5299999713897705,1.5507500171661377
2016-08-29,1.5570000410079956,1.563249945640564,1.5472500324249268,1.5497499704360962
2016-08-30,1.5477499961853027,1.555999994277954,1.5364999771118164,1.5407500267028809
2016-08-31,1.5437500476837158,1.5479999780654907,1.5290000438690186,1.5334999561309814
2016-09-01,1.534749984741211,1.5844999551773071,1.5334999561309814,1.5787500143051147
2016-09-02,1.5820000171661377,1.5837500095367432,1.5455000400543213,1.563249945640564
2016-09-06,1.568750023841858,1.5779999494552612,1.5607500076293945,1.5779999494552612
2016-09-07,1.5729999542236328,1.5807499885559082,1.5457500219345093,1.5547499656677246
2016-09-08,1.5532499551773071,1.56850004196167,1.5355000495910645,1.565999984741211
2016-09-09,1.5487500429153442,1.5575000047683716,1.475000023841858,1.4880000352859497
2016-09-12,1.468250036239624,1.5217499732971191,1.4329999685287476,1.5187499523162842
2016-09-13,1.5149999856948853,1.5325000286102295,1.4882500171661377,1.496749997138977
2016-09-14,1.500249981880188,1.5149999856948853,1.4877500534057617,1.5099999904632568
2016-09-15,1.5125000476837158,1.569000005722046,1.5089999437332153,1.5672500133514404
2016-09-16,1.5727499723434448,1.5812499523162842,1.5529999732971191,1.5709999799728394
2016-09-19,1.587499976158142,1.631500005722046,1.5802500247955322,1.5917500257492065
2016-09-20,1.6100000143051147,1.6100000143051147,1.56850004196167,1.5772500038146973
2016-09-21,1.5820000171661377,1.624500036239624,1.5817500352859497,1.621500015258789
2016-09-22,1.63100004196167,1.6360000371932983,1.6162500381469727,1.625499963760376
2016-09-23,1.627500057220459,1.6322499513626099,1.6165000200271606,1.6237499713897705
2016-09-26,1.6052500009536743,1.6150000095367432,1.5882500410079956,1.6085000038146973
2016-09-27,1.6022499799728394,1.6660000085830688,1.6015000343322754,1.6634999513626099
2016-09-28,1.6660000085830688,1.6707500219345093,1.6482499837875366,1.6694999933242798
2016-09-29,1.6667499542236328,1.690250039100647,1.6512500047683716,1.684999942779541
2016-09-30,1.6942499876022339,1.7297500371932983,1.684249997138977,1.7130000591278076
2016-10-03,1.7130000591278076,1.7377500534057617,1.7082500457763672,1.7112499475479126
2016-10-04,1.7137500047683716,1.7424999475479126,1.6947499513626099,1.7074999809265137
2016-10-05,1.722000002861023,1.7395000457763672,1.7005000114440918,1.7057499885559082
2016-10-06,1.6852500438690186,1.6957499980926514,1.656499981880188,1.683500051498413
2016-10-07,1.6947499513626099,1.6992499828338623,1.6664999723434448,1.6712499856948853
2016-10-10,1.6799999475479126,1.6890000104904175,1.6617499589920044,1.6775000095367432
2016-10-11,1.6720000505447388,1.6744999885559082,1.6404999494552612,1.653249979019165
2016-10-12,1.6464999914169312,1.6694999933242798,1.6327500343322754,1.6607500314712524
2016-10-13,1.6412500143051147,1.6449999809265137,1.5924999713897705,1.6337499618530273
2016-10-14,1.653749942779541,1.6649999618530273,1.6399999856948853,1.649749994277954
2016-10-17,1.6495000123977661,1.6649999618530273,1.6380000114440918,1.6402499675750732
2016-10-18,1.6629999876022339,1.6747499704360962,1.65625,1.6652499437332153
2016-10-19,1.6540000438690186,1.6694999933242798,1.6454999446868896,1.6617499589920044
2016-10-20,1.681249976158142,1.6987500190734863,1.6575000286102295,1.6932499408721924
2016-10-21,1.687250018119812,1.691499948501587,1.6725000143051147,1.6885000467300415
2016-10-24,1.7000000476837158,1.7697499990463257,1.6997499465942383,1.7677500247955322
2016-10-25,1.7647500038146973,1.8075000047683716,1.756250023841858,1.7967499494552612
2016-10-26,1.781749963760376,1.8237500190734863,1.7799999713897705,1.8040000200271606
2016-10-27,1.8177499771118164,1.8212499618530273,1.7597500085830688,1.7669999599456787
2016-10-28,1.7755000591278076,1.8025000095367432,1.7607500553131104,1.7640000581741333
2016-10-31,1.7697499990463257,1.7907500267028809,1.7687499523162842,1.7790000438690186
2016-11-01,1.7855000495910645,1.7952500581741333,1.7072499990463257,1.7262500524520874
2016-11-02,1.7395000457763672,1.7630000114440918,1.715999960899353,1.718999981880188
2016-11-03,1.7269999980926514,1.7285000085830688,1.6660000085830688,1.6990000009536743
2016-11-04,1.687749981880188,1.718250036239624,1.6644999980926514,1.6892499923706055
2016-11-07,1.7387499809265137,1.7929999828338623,1.7374999523162842,1.781749963760376
2016-11-08,1.7884999513626099,1.7942500114440918,1.7625000476837158,1.7790000438690186
2016-11-09,1.7307499647140503,1.7725000381469727,1.718000054359436,1.7489999532699585
2016-11-10,1.78725004196167,1.787500023841858,1.6690000295639038,1.6942499876022339
2016-11-11,1.9877500534057617,2.219249963760376,1.962499976158142,2.1992499828338623
2016-11-14,2.2022500038146973,2.2047500610351562,2.0905001163482666,2.0910000801086426
2016-11-15,2.1072499752044678,2.1862499713897705,2.098249912261963,2.154750108718872
2016-11-16,2.183500051498413,2.313999891281128,2.158750057220459,2.290750026702881
2016-11-17,2.3077499866485596,2.3697500228881836,2.266249895095825,2.3097500801086426
2016-11-18,2.3097500801086426,2.3582499027252197,2.2950000762939453,2.3340001106262207
2016-11-21,2.352250099182129,2.358750104904175,2.309999942779541,2.32450008392334
2016-11-22,2.3324999809265137,2.3434998989105225,2.309499979019165,2.341249942779541
2016-11-23,2.3429999351501465,2.3812499046325684,2.3192501068115234,2.349250078201294
2016-11-25,2.3605000972747803,2.377500057220459,2.335249900817871,2.3540000915527344
2016-11-28,2.346750020980835,2.368499994277954,2.3399999141693115,2.352750062942505
2016-11-29,2.3499999046325684,2.3610000610351562,2.3132500648498535,2.331249952316284
2016-11-30,2.3399999141693115,2.3540000915527344,2.302500009536743,2.305000066757202
2016-12-01,2.302500009536743,2.3042500019073486,2.1192500591278076,2.190999984741211
2016-12-02,2.15625,2.2200000286102295,2.128000020980835,2.211250066757202
2016-12-05,2.2497498989105225,2.3152499198913574,2.2249999046325684,2.296999931335449
2016-12-06,2.3052499294281006,2.343250036239624,2.289249897003174,2.334749937057495
2016-12-07,2.321000099182129,2.382499933242798,2.302500009536743,2.3767499923706055
2016-12-08,2.3797500133514404,2.4154999256134033,2.3262500762939453,2.3369998931884766
2016-12-09,2.3550000190734863,2.356750011444092,2.2677500247955322,2.2955000400543213
2016-12-12,2.2462499141693115,2.2487499713897705,2.188499927520752,2.2397499084472656
2016-12-13,2.2522499561309814,2.3072500228881836,2.2512500286102295,2.279249906539917
2016-12-14,2.313499927520752,2.4277501106262207,2.289249897003174,2.411250114440918
2016-12-15,2.422499895095825,2.498500108718872,2.4149999618530273,2.467750072479248
2016-12-16,2.4957499504089355,2.5174999237060547,2.4432499408721924,2.5102500915527344
2016-12-19,2.492500066757202,2.5612499713897705,2.4749999046325684,2.540750026702881
2016-12-20,2.614500045776367,2.653249979019165,2.6029999256134033,2.6292500495910645
2016-12-21,2.6410000324249268,2.648750066757202,2.592750072479248,2.645750045776367
2016-12-22,2.6705000400543213,2.721750020980835,2.663249969482422,2.6777501106262207
2016-12-23,2.6594998836517334,2.746000051498413,2.656749963760376,2.744499921798706
2016-12-27,2.801500082015991,2.934000015258789,2.7804999351501465,2.933000087738037
2016-12-28,2.990000009536743,2.9982500076293945,2.717250108718872,2.731250047683716
2016-12-29,2.622499942779541,2.78725004196167,2.569999933242798,2.785749912261963
2016-12-30,2.783750057220459,2.7980000972747803,2.6575000286102295,2.6684999465942383
2017-01-03,2.609999895095825,2.659250020980835,2.484499931335449,2.5502500534057617
2017-01-04,2.5850000381469727,2.637500047683716,2.538249969482422,2.6097500324249268
2017-01-05,2.6132500171661377,2.6454999446868896,2.526249885559082,2.5434999465942383
2017-01-06,2.5712499618530273,2.606250047683716,2.5299999713897705,2.577500104904175
2017-01-09,2.5875000953674316,2.700000047683716,2.5875000953674316,2.681999921798706
2017-01-10,2.6952500343322754,2.729749917984009,2.640749931335449,2.661750078201294
2017-01-11,2.6500000953674316,2.6549999713897705,2.603749990463257,2.628999948501587
2017-01-12,2.60575008392334,2.617500066757202,2.5404999256134033,2.5859999656677246
2017-01-13,2.5899999141693115,2.625,2.5764999389648438,2.585750102996826
2017-01-17,2.575000047683716,2.5799999237060547,2.5142500400543213,2.527750015258789
2017-01-18,2.50600004196167,2.580749988555908,2.477750062942505,2.5737500190734863
2017-01-19,2.5767500400543213,2.6614999771118164,2.57450008392334,2.628999948501587
2017-01-20,2.6519999504089355,2.6700000762939453,2.578000068664551,2.600250005722046
2017-01-23,2.5950000286102295,2.6475000381469727,2.5924999713897705,2.6272499561309814
2017-01-24,2.637500047683716,2.689500093460083,2.622499942779541,2.6832499504089355
2017-01-25,2.726249933242798,2.7325000762939453,2.658250093460083,2.6947500705718994
2017-01-26,2.697499990463257,2.7487499713897705,2.6675000190734863,2.7412500381469727
2017-01-27,2.7482500076293945,2.7972500324249268,2.721250057220459,2.794250011444092
2017-01-30,2.7730000019073486,2.77524995803833,2.6977500915527344,2.750499963760376
2017-01-31,2.723750114440918,2.7512500286102295,2.7049999237060547,2.7295000553131104
2017-02-01,2.7644999027252197,2.8529999256134033,2.746500015258789,2.848750114440918
2017-02-02,2.8324999809265137,2.8935000896453857,2.801500082015991,2.8847498893737793
2017-02-03,2.8862500190734863,2.8975000381469727,2.8475000858306885,2.859499931335449
2017-02-06,2.8499999046325684,2.9332499504089355,2.8499999046325684,2.9327499866485596
2017-02-07,2.9674999713897705,3.0230000019073486,2.947499990463257,2.978250026702881
2017-02-08,2.9600000381469727,2.9827499389648438,2.9094998836517334,2.965250015258789
2017-02-09,2.9714999198913574,2.9765000343322754,2.890000104904175,2.9094998836517334
2017-02-10,2.9982500076293945,3.0174999237060547,2.815000057220459,2.8405001163482666
2017-02-13,2.834749937057495,2.8494999408721924,2.7049999237060547,2.7095000743865967
2017-02-14,2.6997499465942383,2.7537500858306885,2.657249927520752,2.7195000648498535
2017-02-15,2.7225000858306885,2.744999885559082,2.694000005722046,2.7249999046325684
2017-02-16,2.7347500324249268,2.7360000610351562,2.6414999961853027,2.6812500953674316
2017-02-17,2.6675000190734863,2.6852500438690186,2.6197500228881836,2.6807498931884766
2017-02-21,2.705749988555908,2.780750036239624,2.7054998874664307,2.776750087738037
2017-02-22,2.7855000495910645,2.7950000762939453,2.7497498989105225,2.7690000534057617
2017-02-23,2.637500047683716,2.659749984741211,2.492000102996826,2.5122499465942383
2017-02-24,2.4267499446868896,2.549999952316284,2.3924999237060547,2.5364999771118164
2017-02-27,2.555000066757202,2.625499963760376,2.5390000343322754,2.6102499961853027
2017-02-28,2.619999885559082,2.630000114440918,2.5195000171661377,2.5369999408721924
2017-03-01,2.594749927520752,2.609250068664551,2.527750015258789,2.5697500705718994
2017-03-02,2.5567500591278076,2.571000099182129,2.472249984741211,2.4749999046325684
2017-03-03,2.464250087738037,2.469249963760376,2.4054999351501465,2.460750102996826
2017-03-06,2.4240000247955322,2.452500104904175,2.3792500495910645,2.4417500495910645
2017-03-07,2.4417500495910645,2.4882500171661377,2.4287500381469727,2.4684998989105225
2017-03-08,2.5174999237060547,2.5325000286102295,2.461750030517578,2.4639999866485596
2017-03-09,2.4477500915527344,2.4862499237060547,2.434999942779541,2.4635000228881836
2017-03-10,2.4902501106262207,2.5022499561309814,2.4595000743865967,2.4779999256134033
2017-03-13,2.4885001182556152,2.5562500953674316,2.4877500534057617,2.546250104904175
2017-03-14,2.5592501163482666,2.5687499046325684,2.5117499828338623,2.5445001125335693
2017-03-15,2.5562500953674316,2.5747499465942383,2.507999897003174,2.5637500286102295
2017-03-16,2.57450008392334,2.595750093460083,2.5602500438690186,2.595249891281128
2017-03-17,2.61299991607666,2.6530001163482666,2.595249891281128,2.651750087738037
2017-03-20,2.6695001125335693,2.7402501106262207,2.653249979019165,2.7362499237060547
2017-03-21,2.71875,2.749000072479248,2.6397500038146973,2.647749900817871
2017-03-22,2.6364998817443848,2.7065000534057617,2.632499933242798,2.7017500400543213
2017-03-23,2.6937499046325684,2.7139999866485596,2.6675000190734863,2.6772499084472656
2017-03-24,2.724250078201294,2.7322499752044678,2.6605000495910645,2.6867499351501465
2017-03-27,2.6394999027252197,2.710249900817871,2.5894999504089355,2.706249952316284
2017-03-28,2.7074999809265137,2.722249984741211,2.6817500591278076,2.6922500133514404
2017-03-29,2.6997499465942383,2.712249994277954,2.6812500953674316,2.683500051498413
2017-03-30,2.6907498836517334,2.75,2.684999942779541,2.734999895095825
2017-03-31,2.725250005722046,2.7472500801086426,2.7100000381469727,2.723249912261963
2017-04-03,2.723750114440918,2.7412500381469727,2.685499906539917,2.7095000743865967
2017-04-04,2.5850000381469727,2.6105000972747803,2.508500099182129,2.5195000171661377
2017-04-05,2.500499963760376,2.5592501163482666,2.487499952316284,2.5007500648498535
2017-04-06,2.50600004196167,2.53125,2.460249900817871,2.5190000534057617
2017-04-07,2.5255000591278076,2.54325008392334,2.493000030517578,2.5082499980926514
2017-04-10,2.509000062942505,2.515749931335449,2.440000057220459,2.4442501068115234
2017-04-11,2.413749933242798,2.4725000858306885,2.408750057220459,2.453000068664551
2017-04-12,2.453000068664551,2.4674999713897705,2.427500009536743,2.4327499866485596
2017-04-13,2.408250093460083,2.4302499294281006,2.3872499465942383,2.3872499465942383
2017-04-17,2.40024995803833,2.4809999465942383,2.3949999809265137,2.48075008392334
2017-04-18,2.466249942779541,2.4885001182556152,2.440000057220459,2.4822499752044678
2017-04-19,2.5,2.5244998931884766,2.4852499961853027,2.492000102996826
2017-04-20,2.5067501068115234,2.536250114440918,2.4852499961853027,2.5315001010894775
2017-04-21,2.5209999084472656,2.5447499752044678,2.509000062942505,2.5420000553131104
2017-04-24,2.5739998817443848,2.5869998931884766,2.5527501106262207,2.5737500190734863
2017-04-25,2.5885000228881836,2.6332499980926514,2.5667500495910645,2.618499994277954
2017-04-26,2.6322500705718994,2.6347498893737793,2.5985000133514404,2.6005001068115234
2017-04-27,2.6080000400543213,2.6494998931884766,2.589750051498413,2.6410000324249268
2017-04-28,2.634000062942505,2.6410000324249268,2.601749897003174,2.6075000762939453
2017-05-01,2.618499994277954,2.671250104904175,2.6112499237060547,2.6659998893737793
2017-05-02,2.6387500762939453,2.640000104904175,2.563999891281128,2.5869998931884766
2017-05-03,2.5799999237060547,2.615999937057495,2.565000057220459,2.606250047683716
2017-05-04,2.612499952316284,2.6237499713897705,2.588249921798706,2.596250057220459
2017-05-05,2.5845000743865967,2.603749990463257,2.5687499046325684,2.5964999198913574
2017-05-08,2.6085000038146973,2.609999895095825,2.5577499866485596,2.5692501068115234
2017-05-09,2.575000047683716,2.6232500076293945,2.566499948501587,2.573499917984009
2017-05-10,2.8572499752044678,3.0455000400543213,2.8505001068115234,3.032249927520752
2017-05-11,3.0012500286102295,3.2607500553131104,2.9977500438690186,3.1624999046325684
2017-05-12,3.165750026702881,3.240000009536743,3.1445000171661377,3.1972498893737793
2017-05-15,3.239000082015991,3.3602499961853027,3.234499931335449,3.3577499389648438
2017-05-16,3.4094998836517334,3.436000108718872,3.3340001106262207,3.4202499389648438
2017-05-17,3.3524999618530273,3.371500015258789,3.1887500286102295,3.193000078201294
2017-05-18,3.237499952316284,3.335750102996826,3.1762499809265137,3.3267500400543213
2017-05-19,3.4257500171661377,3.4554998874664307,3.380500078201294,3.4000000953674316
2017-05-22,3.4442501068115234,3.486999988555908,3.4332499504089355,3.4725000858306885
2017-05-23,3.492500066757202,3.4947500228881836,3.3927500247955322,3.4257500171661377
2017-05-24,3.5239999294281006,3.526750087738037,3.4519999027252197,3.464250087738037
2017-05-25,3.5,3.5007500648498535,3.4110000133514404,3.4565000534057617
2017-05-26,3.4482500553131104,3.631999969482422,3.4277501106262207,3.5460000038146973
2017-05-30,3.5924999713897705,3.657249927520752,3.5762500762939453,3.6217501163482666
2017-05-31,3.667249917984009,3.674999952316284,3.5512499809265137,3.608750104904175
2017-06-01,3.6247498989105225,3.6257500648498535,3.562999963760376,3.6089999675750732
2017-06-02,3.6059999465942383,3.632499933242798,3.5850000381469727,3.5910000801086426
2017-06-05,3.57450008392334,3.713249921798706,3.5627501010894775,3.7002499103546143
2017-06-06,3.695499897003174,3.7422499656677246,3.6700000762939453,3.683500051498413
2017-06-07,3.708250045776367,3.746999979019165,3.692500114440918,3.7279999256134033
2017-06-08,3.8364999294281006,4.0,3.7947499752044678,3.998500108718872
2017-06-09,4.118500232696533,4.212500095367432,3.5687499046325684,3.740000009536743
2017-06-12,3.6470000743865967,3.7925000190734863,3.5527501106262207,3.7492499351501465
2017-06-13,3.859999895095825,3.8692500591278076,3.641249895095825,3.7850000858306885
2017-06-14,3.7880001068115234,3.8515000343322754,3.7125000953674316,3.7929999828338623
2017-06-15,3.6740000247955322,3.8399999141693115,3.6624999046325684,3.8092501163482666
2017-06-16,3.819000005722046,3.867500066757202,3.75600004196167,3.7904999256134033
2017-06-19,3.835249900817871,3.9382500648498535,3.8315000534057617,3.933000087738037
2017-06-20,3.975749969482422,4.043499946594238,3.9230000972747803,3.9272499084472656
2017-06-21,3.9552500247955322,3.990499973297119,3.8924999237060547,3.9867498874664307
2017-06-22,3.994999885559082,4.008500099182129,3.934999942779541,3.959249973297119
2017-06-23,3.9670000076293945,3.9830000400543213,3.8304998874664307,3.845750093460083
2017-06-26,3.878999948501587,3.9149999618530273,3.708250045776367,3.8037500381469727
2017-06-27,3.7860000133514404,3.7947499752044678,3.658750057220459,3.6644999980926514
2017-06-28,3.7330000400543213,3.7985000610351562,3.643749952316284,3.793750047683716
2017-06-29,3.765000104904175,3.7679998874664307,3.6019999980926514,3.6670000553131104
2017-06-30,3.684499979019165,3.6982500553131104,3.5875000953674316,3.614000082015991
2017-07-03,3.6262500286102295,3.641249895095825,3.4644999504089355,3.4832499027252197
2017-07-05,3.547499895095825,3.6054999828338623,3.528249979019165,3.5762500762939453
2017-07-06,3.546750068664551,3.634500026702881,3.49399995803833,3.5869998931884766
2017-07-07,3.6445000171661377,3.6875,3.6212499141693115,3.6689999103546143
2017-07-10,3.743499994277954,3.8499999046325684,3.7170000076293945,3.8424999713897705
2017-07-11,3.846250057220459,3.904750108718872,3.8037500381469727,3.8970000743865967
2017-07-12,3.9574999809265137,4.074999809265137,3.9140000343322754,4.062749862670898
2017-07-13,4.074999809265137,4.15749979019165,3.96875,4.015749931335449
2017-07-14,4.032249927520752,4.125249862670898,4.02524995803833,4.12375020980835
2017-07-17,4.158249855041504,4.1875,4.043749809265137,4.106249809265137
2017-07-18,4.04449987411499,4.163750171661377,4.03249979019165,4.14900016784668
2017-07-19,4.158249855041504,4.184999942779541,4.115250110626221,4.127500057220459
2017-07-20,4.148250102996826,4.187749862670898,4.097750186920166,4.1875
2017-07-21,4.166749954223633,4.232500076293945,4.152249813079834,4.202499866485596
2017-07-24,4.209750175476074,4.2195000648498535,4.14300012588501,4.153749942779541
2017-07-25,4.130499839782715,4.148250102996826,4.0894999504089355,4.133749961853027
2017-07-26,4.191999912261963,4.2482500076293945,4.146249771118164,4.18149995803833
2017-07-27,4.20674991607666,4.218500137329102,3.938999891281128,4.043499946594238
2017-07-28,4.00724983215332,4.134500026702881,3.9820001125335693,4.109749794006348
2017-07-31,4.123499870300293,4.159999847412109,4.015500068664551,4.062749862670898
2017-08-01,4.053249835968018,4.113999843597412,4.025000095367432,4.112249851226807
2017-08-02,4.143750190734863,4.147749900817871,4.031750202178955,4.109749794006348
2017-08-03,4.109250068664551,4.165750026702881,4.0920000076293945,4.1620001792907715
2017-08-04,4.184999942779541,4.2517499923706055,4.1620001792907715,4.18025016784668
2017-08-07,4.209750175476074,4.3092498779296875,4.199999809265137,4.308750152587891
2017-08-08,4.347249984741211,4.363999843597412,4.217750072479248,4.257500171661377
2017-08-09,4.210750102996826,4.30525016784668,4.1917500495910645,4.302750110626221
2017-08-10,4.303999900817871,4.316500186920166,4.108250141143799,4.118500232696533
2017-08-11,3.928499937057495,3.9749999046325684,3.8227500915527344,3.8989999294281006
2017-08-14,3.9917500019073486,4.213749885559082,3.9800000190734863,4.210000038146973
2017-08-15,4.215250015258789,4.2417497634887695,4.139750003814697,4.174499988555908
2017-08-16,4.1897501945495605,4.213500022888184,4.0960001945495605,4.128749847412109
2017-08-17,4.120250225067139,4.137499809265137,4.0345001220703125,4.036749839782715
2017-08-18,4.091750144958496,4.109000205993652,3.990999937057495,4.037499904632568
2017-08-21,4.062250137329102,4.073750019073486,3.9342501163482666,3.978749990463257
2017-08-22,4.012249946594238,4.06974983215332,3.9927499294281006,4.06374979019165
2017-08-23,4.03000020980835,4.15625,4.021249771118164,4.144999980926514
2017-08-24,4.177499771118164,4.182000160217285,4.103000164031982,4.129749774932861
2017-08-25,4.154250144958496,4.1645002365112305,4.088749885559082,4.095250129699707
2017-08-28,4.114500045776367,4.127500057220459,4.0582499504089355,4.1242499351501465
2017-08-29,4.0647501945495605,4.139500141143799,4.05649995803833,4.117499828338623
2017-08-30,4.137499809265137,4.153250217437744,4.106750011444092,4.142000198364258
2017-08-31,4.162499904632568,4.239999771118164,4.15500020980835,4.236000061035156
2017-09-01,4.24875020980835,4.297500133514404,4.239999771118164,4.261499881744385
2017-09-05,4.209499835968018,4.2144999504089355,4.089000225067139,4.147749900817871
2017-09-06,4.181000232696533,4.195000171661377,4.110000133514404,4.145249843597412
2017-09-07,4.16225004196167,4.197249889373779,4.12375020980835,4.1645002365112305
2017-09-08,4.152750015258789,4.167749881744385,4.067749977111816,4.092249870300293
2017-09-11,4.138500213623047,4.235750198364258,4.132999897003174,4.224999904632568
2017-09-12,4.25,4.25,4.17425012588501,4.240250110626221
2017-09-13,4.214749813079834,4.28849983215332,4.182000160217285,4.259250164031982
2017-09-14,4.219749927520752,4.314000129699707,4.195000171661377,4.235000133514404
2017-09-15,4.321499824523926,4.502749919891357,4.316249847412109,4.502749919891357
2017-09-18,4.628499984741211,4.78000020980835,4.621500015258789,4.68874979019165
2017-09-19,4.637750148773193,4.746250152587891,4.615499973297119,4.683750152587891
2017-09-20,4.6875,4.735499858856201,4.605249881744385,4.645999908447266
2017-09-21,4.540999889373779,4.567500114440918,4.440249919891357,4.519000053405762
2017-09-22,4.507500171661377,4.557750225067139,4.465000152587891,4.474999904632568
2017-09-25,4.443749904632568,4.445000171661377,4.254000186920166,4.275000095367432
2017-09-26,4.411250114440918,4.4670000076293945,4.258749961853027,4.298999786376953
2017-09-27,4.390500068664551,4.406750202178955,4.318749904632568,4.393249988555908
2017-09-28,4.4004998207092285,4.4045000076293945,4.343999862670898,4.392000198364258
2017-09-29,4.4770002365112305,4.493249893188477,4.431250095367432,4.469250202178955
2017-10-02,4.519999980926514,4.549499988555908,4.425000190734863,4.474999904632568
2017-10-03,4.481249809265137,4.514500141143799,4.439499855041504,4.484250068664551
2017-10-04,4.490499973297119,4.544250011444092,4.453499794006348,4.521749973297119
2017-10-05,4.546500205993652,4.550000190734863,4.488999843597412,4.51924991607666
2017-10-06,4.491250038146973,4.546000003814697,4.474999904632568,4.53249979019165
2017-10-09,4.56974983215332,4.66825008392334,4.550749778747559,4.634749889373779
2017-10-10,4.785749912261963,4.823750019073486,4.68149995803833,4.723249912261963
2017-10-11,4.739999771118164,4.775000095367432,4.69350004196167,4.773499965667725
2017-10-12,4.7769999504089355,4.827250003814697,4.7482500076293945,4.775750160217285
2017-10-13,4.838749885559082,4.875,4.791250228881836,4.864749908447266
2017-10-16,4.894999980926514,4.951250076293945,4.830999851226807,4.948249816894531
2017-10-17,4.927249908447266,4.972499847412109,4.908750057220459,4.943749904632568
2017-10-18,4.952750205993652,4.953499794006348,4.833000183105469,4.939499855041504
2017-10-19,4.861000061035156,4.949999809265137,4.81125020980835,4.945000171661377
2017-10-20,4.962250232696533,4.989749908447266,4.91349983215332,4.922500133514404
2017-10-23,4.944499969482422,4.971250057220459,4.894999980926514,4.915500164031982
2017-10-24,4.924749851226807,4.96875,4.898499965667725,4.9670000076293945
2017-10-25,4.927000045776367,4.980500221252441,4.779250144958496,4.8414998054504395
2017-10-26,4.869500160217285,4.9039998054504395,4.845250129699707,4.892250061035156
2017-10-27,4.945000171661377,5.046750068664551,4.918749809265137,5.046500205993652
2017-10-30,5.046500205993652,5.152249813079834,5.0304999351501465,5.0960001945495605
2017-10-31,5.1282501220703125,5.197249889373779,5.122499942779541,5.170249938964844
2017-11-01,5.233749866485596,5.2492499351501465,5.114999771118164,5.179999828338623
2017-11-02,5.150000095367432,5.195250034332275,5.091249942779541,5.148499965667725
2017-11-03,5.179999828338623,5.217249870300293,5.133500099182129,5.217249870300293
2017-11-06,5.179999828338623,5.249499797821045,5.167500019073486,5.240749835968018
2017-11-07,5.263750076293945,5.322500228881836,5.251500129699707,5.300749778747559
2017-11-08,5.296249866485596,5.300000190734863,5.181000232696533,5.229000091552734
2017-11-09,5.131750106811523,5.158249855041504,5.009250164031982,5.132999897003174
2017-11-10,5.327000141143799,5.466750144958496,5.290750026702881,5.403500080108643
2017-11-13,5.403500080108643,5.4292497634887695,5.300250053405762,5.3157501220703125
2017-11-14,5.324999809265137,5.369999885559082,5.280749797821045,5.354499816894531
2017-11-15,5.298749923706055,5.300000190734863,5.195000171661377,5.249499797821045
2017-11-16,5.32450008392334,5.355000019073486,5.28125,5.290249824523926
2017-11-17,5.3480000495910645,5.383749961853027,5.268750190734863,5.283999919891357
2017-11-20,5.299749851226807,5.364250183105469,5.262499809265137,5.3520002365112305
2017-11-21,5.392250061035156,5.413000106811523,5.360000133514404,5.401249885559082
2017-11-22,5.425000190734863,5.425000190734863,5.340250015258789,5.3732500076293945
2017-11-24,5.389750003814697,5.425000190734863,5.364999771118164,5.423999786376953
2017-11-27,5.432750225067139,5.434000015258789,5.350249767303467,5.353499889373779
2017-11-28,5.358749866485596,5.368249893188477,5.205999851226807,5.267749786376953
2017-11-29,5.250249862670898,5.252999782562256,4.780749797821045,4.9105000495910645
2017-11-30,4.980000019073486,5.066999912261963,4.916250228881836,5.017749786376953
2017-12-01,4.982749938964844,5.0032501220703125,4.8117499351501465,4.941999912261963
2017-12-04,5.00124979019165,5.007500171661377,4.612500190734863,4.666500091552734
2017-12-05,4.559999942779541,4.817500114440918,4.514500141143799,4.69350004196167
2017-12-06,4.642499923706055,4.753499984741211,4.620999813079834,4.731500148773193
2017-12-07,4.798999786376953,4.840000152587891,4.752999782562256,4.799749851226807
2017-12-08,4.850249767303467,4.869500160217285,4.778749942779541,4.78725004196167
2017-12-11,4.801499843597412,4.869500160217285,4.7855000495910645,4.866499900817871
2017-12-12,4.822500228881836,4.8460001945495605,4.747250080108643,4.770999908447266
2017-12-13,4.8125,4.81374979019165,4.646999835968018,4.6545000076293945
2017-12-14,4.6479997634887695,4.733500003814697,4.614999771118164,4.661749839782715
2017-12-15,4.706250190734863,4.809500217437744,4.640500068664551,4.789000034332275
2017-12-18,4.829999923706055,4.950500011444092,4.800000190734863,4.947500228881836
2017-12-19,4.938000202178955,4.9432501792907715,4.874000072479248,4.902750015258789
2017-12-20,4.942500114440918,4.951749801635742,4.863749980926514,4.920000076293945
2017-12-21,4.923500061035156,4.948750019073486,4.888750076293945,4.897250175476074
2017-12-22,4.860000133514404,4.891250133514404,4.78125,4.881750106811523
2017-12-26,4.82574987411499,4.943749904632568,4.795499801635742,4.935999870300293
2017-12-27,4.922500133514404,4.9992499351501465,4.907750129699707,4.9292497634887695
2017-12-28,4.953249931335449,4.984499931335449,4.928750038146973,4.934999942779541
2017-12-29,4.96150016784668,4.96150016784668,4.837500095367432,4.837500095367432
2018-01-02,4.894499778747559,4.987500190734863,4.862500190734863,4.983749866485596
2018-01-03,5.102499961853027,5.34250020980835,5.09375,5.3117499351501465
2018-01-04,5.394000053405762,5.451250076293945,5.317249774932861,5.339749813079834
2018-01-05,5.354750156402588,5.422749996185303,5.2769999504089355,5.385000228881836
2018-01-08,5.510000228881836,5.625,5.4644999504089355,5.550000190734863
2018-01-09,5.555500030517578,5.5954999923706055,5.466000080108643,5.548500061035156
2018-01-10,5.454999923706055,5.5954999923706055,5.400000095367432,5.5920000076293945
2018-01-11,5.625,5.656750202178955,5.580249786376953,5.6020002365112305
2018-01-12,5.590000152587891,5.624750137329102,5.5335001945495605,5.57450008392334
2018-01-16,5.601250171661377,5.687749862670898,5.417250156402588,5.502749919891357
2018-01-17,5.517499923706055,5.627999782562256,5.422500133514404,5.618000030517578
2018-01-18,5.598499774932861,5.665999889373779,5.566999912261963,5.611000061035156
2018-01-19,5.702250003814697,5.777249813079834,5.675000190734863,5.752749919891357
2018-01-22,5.760749816894531,5.843999862670898,5.702499866485596,5.842249870300293
2018-01-23,5.896249771118164,5.9957499504089355,5.877500057220459,5.972750186920166
2018-01-24,5.97599983215332,6.012249946594238,5.838749885559082,5.894999980926514
2018-01-25,5.949999809265137,5.993750095367432,5.893750190734863,5.908750057220459
2018-01-26,5.953000068664551,6.083499908447266,5.940000057220459,6.083250045776367
2018-01-29,6.06850004196167,6.202750205993652,6.015250205993652,6.171249866485596
2018-01-30,6.027750015258789,6.1605000495910645,5.960249900817871,6.067999839782715
2018-01-31,6.14424991607666,6.231750011444092,6.111249923706055,6.144999980926514
2018-02-01,5.9629998207092285,6.172500133514404,5.951499938964844,6.012499809265137
2018-02-02,5.925000190734863,5.949250221252441,5.779250144958496,5.8379998207092285
2018-02-05,5.675000190734863,5.830749988555908,5.125,5.34250020980835
2018-02-06,5.110000133514404,5.642499923706055,5.099999904632568,5.639500141143799
2018-02-07,5.739500045776367,5.8742499351501465,5.667500019073486,5.71999979019165
2018-02-08,5.8470001220703125,5.880499839782715,5.437749862670898,5.438000202178955
2018-02-09,5.956250190734863,5.972249984741211,5.438000202178955,5.802000045776367
2018-02-12,5.883999824523926,5.88700008392334,5.6257500648498535,5.70074987411499
2018-02-13,5.664000034332275,5.862500190734863,5.631249904632568,5.8157501220703125
2018-02-14,5.775000095367432,6.0647501945495605,5.763750076293945,6.0355000495910645
2018-02-15,6.119750022888184,6.209249973297119,6.038000106811523,6.162499904632568
2018-02-16,6.135000228881836,6.25,6.086750030517578,6.0960001945495605
2018-02-20,6.118750095367432,6.296750068664551,6.114999771118164,6.2270002365112305
2018-02-21,6.292250156402588,6.29925012588501,6.033999919891357,6.037749767303467
2018-02-22,6.0682501792907715,6.140749931335449,5.987500190734863,6.053750038146973
2018-02-23,6.114250183105469,6.148250102996826,6.063000202178955,6.148250102996826
2018-02-26,6.195000171661377,6.19950008392334,6.101500034332275,6.1645002365112305
2018-02-27,6.137499809265137,6.222750186920166,6.1282501220703125,6.151500225067139
2018-02-28,6.162499904632568,6.202499866485596,6.038249969482422,6.050000190734863
2018-03-01,6.047749996185303,6.102250099182129,5.703000068664551,5.80525016784668
2018-03-02,5.696499824523926,5.920000076293945,5.546249866485596,5.91349983215332
2018-03-05,5.862750053405762,5.931250095367432,5.73799991607666,5.891250133514404
2018-03-06,5.977499961853027,6.073500156402588,5.934000015258789,6.053999900817871
2018-03-07,5.949999809265137,6.098750114440918,5.948750019073486,6.046000003814697
2018-03-08,6.073750019073486,6.073750019073486,5.984749794006348,6.0295000076293945
2018-03-09,6.077499866485596,6.146249771118164,6.06125020980835,6.1332502365112305
2018-03-12,6.175000190734863,6.324999809265137,6.166749954223633,6.24399995803833
2018-03-13,6.28725004196167,6.362500190734863,6.151000022888184,6.192749977111816
2018-03-14,6.236249923706055,6.263750076293945,6.1554999351501465,6.218500137329102
2018-03-15,6.232250213623047,6.315499782562256,6.190999984741211,6.233500003814697
2018-03-16,6.25,6.28125,6.211999893188477,6.26200008392334
2018-03-19,6.204500198364258,6.233749866485596,5.925000190734863,6.025000095367432
2018-03-20,6.0279998779296875,6.278749942779541,6.0279998779296875,6.239500045776367
2018-03-21,6.232999801635742,6.300000190734863,6.1832499504089355,6.214000225067139
2018-03-22,6.150000095367432,6.197000026702881,6.008500099182129,6.046249866485596
2018-03-23,6.059999942779541,6.0625,5.813000202178955,5.824250221252441
2018-03-26,5.949999809265137,6.113249778747559,5.897500038146973,6.111999988555908
2018-03-27,6.193749904632568,6.25,5.496250152587891,5.638000011444092
2018-03-28,5.603250026702881,5.734749794006348,5.425000190734863,5.533750057220459
2018-03-29,5.602749824523926,5.887499809265137,5.517499923706055,5.789750099182129
2018-04-02,5.718500137329102,5.866250038146973,5.4375,5.526249885559082
2018-04-03,5.695000171661377,5.758749961853027,5.533750057220459,5.633749961853027
2018-04-04,5.375249862670898,5.666500091552734,5.349999904632568,5.656000137329102
2018-04-05,5.715000152587891,5.728250026702881,5.462250232696533,5.5345001220703125
2018-04-06,5.430749893188477,5.539999961853027,5.326749801635742,5.356249809265137
2018-04-09,5.420000076293945,5.54925012588501,5.364999771118164,5.385250091552734
2018-04-10,5.618000030517578,5.724999904632568,5.5602498054504395,5.697750091552734
2018-04-11,5.682750225067139,5.7245001792907715,5.623000144958496,5.656000137329102
2018-04-12,5.75,5.882999897003174,5.705249786376953,5.864999771118164
2018-04-13,5.9292497634887695,5.937749862670898,5.738749980926514,5.787499904632568
2018-04-16,5.794250011444092,5.821000099182129,5.691999912261963,5.78725004196167
2018-04-17,5.840000152587891,5.960000038146973,5.783750057220459,5.938499927520752
2018-04-18,5.887499809265137,5.981249809265137,5.819250106811523,5.909249782562256
2018-04-19,5.793749809265137,5.827499866485596,5.670000076293945,5.72599983215332
2018-04-20,5.717249870300293,5.802499771118164,5.68625020980835,5.717750072479248
2018-04-23,5.735750198364258,5.787499904632568,5.5707502365112305,5.5970001220703125
2018-04-24,5.623000144958496,5.71999979019165,5.464000225067139,5.53000020980835
2018-04-25,5.5,5.5395002365112305,5.257500171661377,5.416500091552734
2018-04-26,5.579999923706055,5.638750076293945,5.51324987411499,5.630499839782715
2018-04-27,5.737500190734863,5.757500171661377,5.615499973297119,5.658249855041504
2018-04-30,5.674749851226807,5.724999904632568,5.603000164031982,5.622499942779541
2018-05-01,5.614250183105469,5.681250095367432,5.554999828338623,5.678500175476074
2018-05-02,5.675000190734863,5.71999979019165,5.631249904632568,5.657750129699707
2018-05-03,5.690000057220459,5.851250171661377,5.64424991607666,5.824749946594238
2018-05-04,5.795750141143799,5.979750156402588,5.778250217437744,5.976500034332275
2018-05-07,6.082250118255615,6.274750232696533,6.072249889373779,6.2170000076293945
2018-05-08,6.217249870300293,6.262750148773193,6.167749881744385,6.260000228881836
2018-05-09,6.280250072479248,6.396749973297119,6.252749919891357,6.394499778747559
2018-05-10,6.447999954223633,6.512499809265137,6.429999828338623,6.5032501220703125
2018-05-11,6.319499969482422,6.494750022888184,6.263500213623047,6.363249778747559
2018-05-14,6.401750087738037,6.462250232696533,6.360000133514404,6.383999824523926
2018-05-15,6.31974983215332,6.322500228881836,6.037499904632568,6.138999938964844
2018-05-16,6.099999904632568,6.2129998207092285,6.062749862670898,6.15024995803833
2018-05-17,6.1519999504089355,6.287499904632568,6.135749816894531,6.192749977111816
2018-05-18,6.245250225067139,6.3092498779296875,6.143499851226807,6.148499965667725
2018-05-21,6.247000217437744,6.2507500648498535,6.012249946594238,6.105999946594238
2018-05-22,6.119500160217285,6.144999980926514,6.006249904632568,6.067500114440918
2018-05-23,6.006999969482422,6.1897501945495605,6.006249904632568,6.188499927520752
2018-05-24,6.184750080108643,6.235000133514404,6.13100004196167,6.192249774932861
2018-05-25,6.204999923706055,6.248499870300293,6.169000148773193,6.23199987411499
2018-05-29,6.213749885559082,6.2835001945495605,6.167500019073486,6.214749813079834
2018-05-30,6.24875020980835,6.333499908447266,6.223750114440918,6.324749946594238
2018-05-31,6.292500019073486,6.380000114440918,6.281750202178955,6.304749965667725
2018-06-01,6.349999904632568,6.446750164031982,6.341249942779541,6.440499782562256
2018-06-04,6.474999904632568,6.643499851226807,6.442500114440918,6.621250152587891
2018-06-05,6.624499797821045,6.664750099182129,6.579249858856201,6.6267499923706055
2018-06-06,6.535749912261963,6.631999969482422,6.51924991607666,6.628749847412109
2018-06-07,6.625,6.63700008392334,6.481249809265137,6.572500228881836
2018-06-08,6.499000072479248,6.599999904632568,6.480000019073486,6.557000160217285
2018-06-11,6.544250011444092,6.586249828338623,6.502500057220459,6.515500068664551
2018-06-12,6.542250156402588,6.576749801635742,6.491499900817871,6.564499855041504
2018-06-13,6.565999984741211,6.641749858856201,6.550749778747559,6.559999942779541
2018-06-14,6.605500221252441,6.730000019073486,6.5904998779296875,6.672749996185303
2018-06-15,6.614999771118164,6.686999797821045,6.583749771118164,6.631499767303467
2018-06-18,6.586999893188477,6.644999980926514,6.559500217437744,6.6272501945495605
2018-06-19,6.5229997634887695,6.591000080108643,6.375500202178955,6.5042500495910645
2018-06-20,6.545750141143799,6.611249923706055,6.506999969482422,6.557750225067139
2018-06-21,6.590000152587891,6.608500003814697,6.420000076293945,6.427750110626221
2018-06-22,6.448750019073486,6.462250232696533,6.2582502365112305,6.273749828338623
2018-06-25,6.166250228881836,6.170000076293945,5.888500213623047,5.978000164031982
2018-06-26,6.09250020980835,6.141250133514404,5.9977498054504395,6.049749851226807
2018-06-27,6.09375,6.160749912261963,5.887499809265137,5.89300012588501
2018-06-28,5.882999897003174,6.0335001945495605,5.875249862670898,6.021500110626221
2018-06-29,6.087250232696533,6.099999904632568,5.921249866485596,5.922500133514404
2018-07-02,5.852250099182129,6.059750080108643,5.831500053405762,6.056000232696533
2018-07-03,6.091000080108643,6.0970001220703125,5.912499904632568,5.921000003814697
2018-07-05,5.976749897003174,6.073249816894531,5.9375,6.0682501792907715
2018-07-06,6.043499946594238,6.1917500495910645,6.021999835968018,6.1832499504089355
2018-07-09,6.2582502365112305,6.26800012588501,6.151750087738037,6.231249809265137
2018-07-10,6.243750095367432,6.353499889373779,6.203000068664551,6.331250190734863
2018-07-11,6.237500190734863,6.272500038146973,6.177499771118164,6.1882500648498535
2018-07-12,6.234000205993652,6.329249858856201,6.223999977111816,6.280749797821045
2018-07-13,6.299499988555908,6.299499988555908,6.190499782562256,6.232999801635742
2018-07-16,6.204999923706055,6.258500099182129,6.192500114440918,6.204999923706055
2018-07-17,6.155250072479248,6.357500076293945,6.129499912261963,6.342249870300293
2018-07-18,6.334750175476074,6.348750114440918,6.241000175476074,6.292500019073486
2018-07-19,6.273499965667725,6.334750175476074,6.2582502365112305,6.300749778747559
2018-07-20,6.298250198364258,6.337500095367432,6.261250019073486,6.272250175476074
2018-07-23,6.245500087738037,6.247250080108643,6.081999778747559,6.235249996185303
2018-07-24,6.283750057220459,6.371250152587891,6.199999809265137,6.217750072479248
2018-07-25,6.227250099182129,6.309500217437744,6.168749809265137,6.296750068664551
2018-07-26,6.276500225067139,6.408249855041504,6.259500026702881,6.370999813079834
2018-07-27,6.4079999923706055,6.414999961853027,6.245999813079834,6.30049991607666
2018-07-30,6.3147501945495605,6.3207502365112305,6.067999839782715,6.103250026702881
2018-07-31,6.092750072479248,6.197000026702881,6.053500175476074,6.121500015258789
2018-08-01,6.153250217437744,6.209000110626221,6.097249984741211,6.161749839782715
2018-08-02,6.089749813079834,6.269499778747559,6.030250072479248,6.265500068664551
2018-08-03,6.290249824523926,6.326499938964844,6.273250102996826,6.302499771118164
2018-08-06,6.289750099182129,6.354249954223633,6.24275016784668,6.350749969482422
2018-08-07,6.400000095367432,6.442500114440918,6.373000144958496,6.423749923706055
2018-08-08,6.425000190734863,6.50600004196167,6.389750003814697,6.4604997634887695
2018-08-09,6.478499889373779,6.481249809265137,6.403749942779541,6.411499977111816
2018-08-10,6.328750133514404,6.402500152587891,6.317500114440918,6.369750022888184
2018-08-13,6.378499984741211,6.525000095367432,6.3767499923706055,6.4029998779296875
2018-08-14,6.509500026702881,6.550000190734863,6.42549991607666,6.535749912261963
2018-08-15,6.5567498207092285,6.591000080108643,6.397500038146973,6.4770002365112305
2018-08-16,6.547500133514404,6.550000190734863,6.375249862670898,6.435999870300293
2018-08-17,6.323500156402588,6.324250221252441,6.093249797821045,6.120500087738037
2018-08-20,6.079500198364258,6.329999923706055,5.9679999351501465,6.196000099182129
2018-08-21,6.212500095367432,6.337500095367432,6.192500114440918,6.333000183105469
2018-08-22,6.300000190734863,6.575500011444092,6.296500205993652,6.570499897003174
2018-08-23,6.531499862670898,6.736999988555908,6.517499923706055,6.671000003814697
2018-08-24,6.679500102996826,6.820250034332275,6.675000190734863,6.805500030517578
2018-08-27,6.8354997634887695,6.972499847412109,6.803750038146973,6.897500038146973
2018-08-28,6.891499996185303,6.9145002365112305,6.738249778747559,6.859499931335449
2018-08-29,6.8480000495910645,6.987500190734863,6.827000141143799,6.962250232696533
2018-08-30,6.930749893188477,7.043000221252441,6.9079999923706055,6.945250034332275
2018-08-31,6.925000190734863,7.03000020980835,6.914999961853027,7.017000198364258
2018-09-04,7.003749847412109,7.130499839782715,6.974999904632568,7.09250020980835
2018-09-05,7.074749946594238,7.110499858856201,6.878749847412109,6.9604997634887695
2018-09-06,6.943999767303467,6.946499824523926,6.784749984741211,6.817999839782715
2018-09-07,6.724999904632568,6.923250198364258,6.679749965667725,6.796500205993652
2018-09-10,6.819250106811523,6.898250102996826,6.775000095367432,6.868249893188477
2018-09-11,6.821499824523926,6.909999847412109,6.80049991607666,6.820000171661377
2018-09-12,6.779749870300293,6.799499988555908,6.547999858856201,6.704999923706055
2018-09-13,6.771500110626221,6.875,6.754000186920166,6.7835001945495605
2018-09-14,6.874750137329102,6.977499961853027,6.837500095367432,6.910749912261963
2018-09-17,6.885000228881836,6.934500217437744,6.828750133514404,6.848249912261963
2018-09-18,6.852250099182129,6.955999851226807,6.768750190734863,6.7754998207092285
2018-09-19,6.756750106811523,6.817500114440918,6.706250190734863,6.799499988555908
2018-09-20,6.676249980926514,6.718999862670898,6.602499961853027,6.6570000648498535
2018-09-21,6.669000148773193,6.715000152587891,6.552750110626221,6.586249828338623
2018-09-24,6.554999828338623,6.645999908447266,6.4670000076293945,6.642499923706055
2018-09-25,6.709249973297119,6.735499858856201,6.6227498054504395,6.710249900817871
2018-09-26,6.715250015258789,6.75600004196167,6.6570000648498535,6.672999858856201
2018-09-27,6.708499908447266,6.730000019073486,6.653250217437744,6.684999942779541
2018-09-28,6.8182501792907715,7.047999858856201,6.789999961853027,7.0254998207092285
2018-10-01,7.104000091552734,7.301499843597412,7.065000057220459,7.234000205993652
2018-10-02,7.206250190734863,7.318999767303467,7.139500141143799,7.1620001792907715
2018-10-03,7.232999801635742,7.240499973297119,7.0632500648498535,7.16825008392334
2018-10-04,7.131750106811523,7.15625,6.9045000076293945,6.982250213623047
2018-10-05,6.957250118255615,7.019999980926514,6.688499927520752,6.746500015258789
2018-10-08,6.662499904632568,6.7789998054504395,6.501999855041504,6.64424991607666
2018-10-09,6.623499870300293,6.718999862670898,6.570000171661377,6.638500213623047
2018-10-10,6.531499862670898,6.577750205993652,6.139999866485596,6.142250061035156
2018-10-11,6.0542497634887695,6.189000129699707,5.856500148773193,5.8782501220703125
2018-10-12,6.137750148773193,6.238500118255615,5.991250038146973,6.16349983215332
2018-10-15,6.150000095367432,6.150000095367432,5.883500099182129,5.884500026702881
2018-10-16,5.9982500076293945,6.1570000648498535,5.948500156402588,6.145750045776367
2018-10-17,6.208499908447266,6.247000217437744,6.0269999504089355,6.076499938964844
2018-10-18,6.146500110626221,6.1852498054504395,5.927249908447266,5.988249778747559
2018-10-19,6.044000148773193,6.06374979019165,5.692500114440918,5.729249954223633
2018-10-22,5.7820000648498535,5.882999897003174,5.676750183105469,5.7804999351501465
2018-10-23,5.510749816894531,5.604750156402588,5.417749881744385,5.526500225067139
2018-10-24,5.487750053405762,5.534749984741211,4.971250057220459,4.985249996185303
2018-10-25,4.886750221252441,5.243750095367432,4.8420000076293945,5.196000099182129
2018-10-26,4.957749843597412,5.120999813079834,4.828000068664551,4.957250118255615
2018-10-29,5.09975004196167,5.103250026702881,4.40024995803833,4.640500068664551
2018-10-30,4.663750171661377,5.085000038146973,4.640500068664551,5.074999809265137
2018-10-31,5.241250038146973,5.3147501945495605,5.100249767303467,5.270750045776367
2018-11-01,5.307499885559082,5.462250232696533,5.179749965667725,5.452750205993652
2018-11-02,5.4432501792907715,5.550000190734863,5.255249977111816,5.373000144958496
2018-11-05,5.359749794006348,5.3832502365112305,5.131999969482422,5.294250011444092
2018-11-06,5.286250114440918,5.371250152587891,5.238999843597412,5.276500225067139
2018-11-07,5.34375,5.4352498054504395,5.2795000076293945,5.344749927520752
2018-11-08,5.284999847412109,5.285749912261963,5.095749855041504,5.149750232696533
2018-11-09,5.059999942779541,5.232999801635742,5.026000022888184,5.141749858856201
2018-11-12,5.049499988555908,5.071750164031982,4.7164998054504395,4.738500118255615
2018-11-13,4.837250232696533,5.105249881744385,4.830999851226807,4.982749938964844
2018-11-14,5.15749979019165,5.171999931335449,4.8207502365112305,4.929749965667725
2018-11-15,4.923749923706055,5.132500171661377,4.887499809265137,5.059750080108643
2018-11-16,4.083000183105469,4.266499996185303,4.040249824523926,4.110750198364258
2018-11-19,4.044750213623047,4.045499801635742,3.6157500743865967,3.617500066757202
2018-11-20,3.3515000343322754,3.8564999103546143,3.332750082015991,3.7269999980926514
2018-11-21,3.865499973297119,3.882499933242798,3.590250015258789,3.6177499294281006
2018-11-23,3.582750082015991,3.7397499084472656,3.5697500705718994,3.625
2018-11-26,3.7472500801086426,3.836750030517578,3.6640000343322754,3.8262500762939453
2018-11-27,3.799999952316284,3.9252500534057617,3.7637500762939453,3.843250036239624
2018-11-28,3.9619998931884766,4.006999969482422,3.828249931335449,4.0017499923706055
2018-11-29,4.0,4.037499904632568,3.9035000801086426,3.934000015258789
2018-11-30,3.9437499046325684,4.096499919891357,3.8929998874664307,4.085750102996826
2018-12-03,4.315000057220459,4.367000102996826,4.183499813079834,4.250999927520752
2018-12-04,4.205999851226807,4.210999965667725,3.9124999046325684,3.9277501106262207
2018-12-06,3.7860000133514404,3.962249994277954,3.770250082015991,3.9572501182556152
2018-12-07,3.9614999294281006,3.971750020980835,3.640500068664551,3.6902499198913574
2018-12-10,3.6449999809265137,3.821500062942505,3.641249895095825,3.7964999675750732
2018-12-11,3.8889999389648438,3.897249937057495,3.625,3.7047500610351562
2018-12-12,3.7105000019073486,3.819499969482422,3.620500087738037,3.7225000858306885
2018-12-13,3.7697501182556152,3.8345000743865967,3.686000108718872,3.722249984741211
2018-12-14,3.6802499294281006,3.7647500038146973,3.637500047683716,3.661250114440918
2018-12-17,3.63100004196167,3.703749895095825,3.5309998989105225,3.5894999504089355
2018-12-18,3.6337499618530273,3.7582499980926514,3.606250047683716,3.6735000610351562
2018-12-19,3.6394999027252197,3.69350004196167,3.410749912261963,3.46274995803833
2018-12-20,3.4542500972747803,3.5450000762939453,3.3172500133514404,3.377500057220459
2018-12-21,3.404249906539917,3.4375,3.2114999294281006,3.2392499446868896
2018-12-24,3.16225004196167,3.249500036239624,3.112499952316284,3.177000045776367
2018-12-26,3.2235000133514404,3.3285000324249268,3.1115000247955322,3.327500104904175
2018-12-27,3.274749994277954,3.309499979019165,3.129499912261963,3.279249906539917
2018-12-28,3.299999952316284,3.4347500801086426,3.2577500343322754,3.341249942779541
2018-12-31,3.384999990463257,3.4177498817443848,3.30649995803833,3.3375000953674316
2019-01-02,3.2660000324249268,3.4619998931884766,3.2512500286102295,3.4054999351501465
2019-01-03,3.344749927520752,3.378999948501587,3.1922500133514404,3.1997499465942383
2019-01-04,3.2734999656677246,3.4432499408721924,3.242500066757202,3.404750108718872
2019-01-07,3.4625000953674316,3.6222500801086426,3.410749912261963,3.5850000381469727
2019-01-08,3.667249917984009,3.6695001125335693,3.422499895095825,3.4957499504089355
2019-01-09,3.547499895095825,3.6122500896453857,3.496500015258789,3.564500093460083
2019-01-10,3.5450000762939453,3.6394999027252197,3.4839999675750732,3.6307499408721924
2019-01-11,3.6082499027252197,3.7437500953674316,3.5802500247955322,3.720750093460083
2019-01-14,3.6679999828338623,3.7864999771118164,3.64424991607666,3.760999917984009
2019-01-15,3.7939999103546143,3.833750009536743,3.728250026702881,3.7467501163482666
2019-01-16,3.774250030517578,3.807499885559082,3.7155001163482666,3.7209999561309814
2019-01-17,3.6877501010894775,3.833250045776367,3.660249948501587,3.7929999828338623
2019-01-18,3.843250036239624,3.94950008392334,3.791249990463257,3.9232499599456787
2019-01-22,3.8927500247955322,3.9045000076293945,3.6887500286102295,3.719249963760376
2019-01-23,3.7750000953674316,3.864500045776367,3.7007501125335693,3.7322499752044678
2019-01-24,3.817500114440918,3.963749885559082,3.8127501010894775,3.946000099182129
2019-01-25,3.885999917984009,4.021999835968018,3.7825000286102295,4.003749847412109
2019-01-28,3.413749933242798,3.5409998893737793,3.2750000953674316,3.4502499103546143
2019-01-29,3.403749942779541,3.452500104904175,3.27524995803833,3.2899999618530273
2019-01-30,3.3667500019073486,3.4492499828338623,3.2864999771118164,3.4347500801086426
2019-01-31,3.43149995803833,3.6297500133514404,3.4094998836517334,3.59375
2019-02-01,3.612499952316284,3.6697499752044678,3.564500093460083,3.6182498931884766
2019-02-04,3.6342499256134033,3.7669999599456787,3.611999988555908,3.7295000553131104
2019-02-05,3.741499900817871,3.785749912261963,3.7074999809265137,3.7487499713897705
2019-02-06,3.782249927520752,3.890000104904175,3.776750087738037,3.825000047683716
2019-02-07,3.778249979019165,3.7804999351501465,3.6422500610351562,3.685499906539917
2019-02-08,3.6177499294281006,3.7149999141693115,3.603250026702881,3.7042500972747803
2019-02-11,3.659749984741211,3.7144999504089355,3.612499952316284,3.661250114440918
2019-02-12,3.700000047683716,3.7950000762939453,3.685499906539917,3.779249906539917
2019-02-13,3.809000015258789,3.895750045776367,3.7952499389648438,3.822000026702881
2019-02-14,3.821000099182129,3.8917500972747803,3.7774999141693115,3.8632500171661377
2019-02-15,4.073750019073486,4.096749782562256,3.9105000495910645,3.933500051498413
2019-02-19,3.9227499961853027,3.9972500801086426,3.9035000801086426,3.9159998893737793
2019-02-20,3.945499897003174,4.031499862670898,3.9342501163482666,3.963749885559082
2019-02-21,3.9765000343322754,4.00124979019165,3.879499912261963,3.89424991607666
2019-02-22,3.946500062942505,3.9987499713897705,3.9327499866485596,3.979749917984009
2019-02-25,4.064000129699707,4.131999969482422,3.9584999084472656,3.967250108718872
2019-02-26,3.9625000953674316,4.019000053405762,3.893749952316284,3.927500009536743
2019-02-27,3.9130001068115234,3.9397499561309814,3.8277499675750732,3.8852500915527344
2019-02-28,3.875,3.8975000381469727,3.8340001106262207,3.8564999103546143
2019-03-01,3.906749963760376,3.953749895095825,3.8480000495910645,3.911250114440918
2019-03-04,3.950000047683716,3.9730000495910645,3.862499952316284,3.9195001125335693
2019-03-05,3.903749942779541,3.9514999389648438,3.8489999771118164,3.9130001068115234
2019-03-06,3.9040000438690186,3.9124999046325684,3.7985000610351562,3.8012499809265137
2019-03-07,3.7774999141693115,3.78725004196167,3.684999942779541,3.7314999103546143
2019-03-08,3.6414999961853027,3.776750087738037,3.619999885559082,3.7660000324249268
2019-03-11,3.789750099182129,4.051499843597412,3.7422499656677246,4.028500080108643
2019-03-12,4.05649995803833,4.109749794006348,3.979749917984009,4.063000202178955
2019-03-13,4.100749969482422,4.244999885559082,4.093249797821045,4.2154998779296875
2019-03-14,4.22475004196167,4.23675012588501,4.131249904632568,4.138999938964844
2019-03-15,4.182499885559082,4.288249969482422,4.178999900817871,4.245250225067139
2019-03-18,4.2769999504089355,4.331250190734863,4.196499824523926,4.223750114440918
2019-03-19,4.318999767303467,4.4375,4.302000045776367,4.392749786376953
2019-03-20,4.421999931335449,4.475749969482422,4.324999809265137,4.360000133514404
2019-03-21,4.3832502365112305,4.625,4.3782501220703125,4.598499774932861
2019-03-22,4.571000099182129,4.619999885559082,4.423500061035156,4.4375
2019-03-25,4.396500110626221,4.461249828338623,4.277750015258789,4.3445000648498535
2019-03-26,4.487249851226807,4.543749809265137,4.364999771118164,4.421750068664551
2019-03-27,4.447500228881836,4.4942498207092285,4.34250020980835,4.412499904632568
2019-03-28,4.43874979019165,4.497499942779541,4.377749919891357,4.431250095367432
2019-03-29,4.498499870300293,4.513500213623047,4.447750091552734,4.488999843597412
2019-04-01,4.581500053405762,4.587500095367432,4.509250164031982,4.557000160217285
2019-04-02,4.581250190734863,4.619750022888184,4.538000106811523,4.574999809265137
2019-04-03,4.625,4.775000095367432,4.619999885559082,4.7154998779296875
2019-04-04,4.699999809265137,4.7492499351501465,4.643249988555908,4.706500053405762
2019-04-05,4.75,4.791250228881836,4.713250160217285,4.773749828338623
2019-04-08,4.743000030517578,4.820000171661377,4.71875,4.794750213623047
2019-04-09,4.761000156402588,4.772250175476074,4.689000129699707,4.731500148773193
2019-04-10,4.73075008392334,4.828499794006348,4.726250171661377,4.802499771118164
2019-04-11,4.804999828338623,4.836750030517578,4.738749980926514,4.78849983215332
2019-04-12,4.827499866485596,4.831500053405762,4.741499900817871,4.750249862670898
2019-04-15,4.742499828338623,4.747499942779541,4.577499866485596,4.617499828338623
2019-04-16,4.6570000648498535,4.724249839782715,4.624000072479248,4.705249786376953
2019-04-17,4.740499973297119,4.761499881744385,4.659749984741211,4.682250022888184
2019-04-18,4.689000129699707,4.723249912261963,4.629499912261963,4.65749979019165
2019-04-22,4.633749961853027,4.727499961853027,4.6020002365112305,4.711750030517578
2019-04-23,4.724999904632568,4.798250198364258,4.715250015258789,4.766749858856201
2019-04-24,4.777249813079834,4.820250034332275,4.716000080108643,4.779250144958496
2019-04-25,4.738749980926514,4.761250019073486,4.59250020980835,4.672749996185303
2019-04-26,4.517749786376953,4.522250175476074,4.332499980926514,4.452250003814697
2019-04-29,4.460249900817871,4.511250019073486,4.387499809265137,4.483250141143799
2019-04-30,4.45074987411499,4.550749778747559,4.43149995803833,4.525000095367432
2019-05-01,4.577750205993652,4.620250225067139,4.511499881744385,4.511750221252441
2019-05-02,4.521500110626221,4.6217498779296875,4.478000164031982,4.579750061035156
2019-05-03,4.588250160217285,4.598249912261963,4.51324987411499,4.575250148773193
2019-05-06,4.387499809265137,4.508500099182129,4.349999904632568,4.496250152587891
2019-05-07,4.447500228881836,4.447500228881836,4.279250144958496,4.327750205993652
2019-05-08,4.300000190734863,4.428750038146973,4.288000106811523,4.3480000495910645
2019-05-09,4.278500080108643,4.288249969482422,4.135000228881836,4.254749774932861
2019-05-10,4.223750114440918,4.289750099182129,4.099999904632568,4.2204999923706055
2019-05-13,4.087500095367432,4.110750198364258,3.9452500343322754,3.961250066757202
2019-05-14,4.00124979019165,4.08650016784668,3.962249994277954,4.051000118255615
2019-05-15,3.994999885559082,4.026249885559082,3.9352500438690186,3.989500045776367
2019-05-16,3.9839999675750732,4.047749996185303,3.9412500858306885,4.004749774932861
2019-05-17,3.9625000953674316,4.092750072479248,3.873500108718872,3.913249969482422
2019-05-20,3.8137500286102295,3.8692500591278076,3.768749952316284,3.793750047683716
2019-05-21,3.8550000190734863,3.8924999237060547,3.815999984741211,3.876499891281128
2019-05-22,3.8375000953674316,3.8637499809265137,3.7939999103546143,3.805000066757202
2019-05-23,3.7422499656677246,3.7422499656677246,3.6227500438690186,3.683000087738037
2019-05-24,3.7019999027252197,3.737499952316284,3.621999979019165,3.6287500858306885
2019-05-28,3.6465001106262207,3.679500102996826,3.581249952316284,3.583250045776367
2019-05-29,3.535249948501587,3.570499897003174,3.4735000133514404,3.508500099182129
2019-05-30,3.5077500343322754,3.543750047683716,3.4392499923706055,3.477750062942505
2019-05-31,3.428499937057495,3.4962499141693115,3.3847498893737793,3.3864998817443848
2019-06-03,3.397749900817871,3.4367499351501465,3.315000057220459,3.3445000648498535
2019-06-04,3.4089999198913574,3.5802500247955322,3.3867499828338623,3.575000047683716
2019-06-05,3.649250030517578,3.654750108718872,3.495500087738037,3.5320000648498535
2019-06-06,3.536250114440918,3.6192500591278076,3.533750057220459,3.5945000648498535
2019-06-07,3.6005001068115234,3.671999931335449,3.581249952316284,3.637500047683716
2019-06-10,3.694000005722046,3.779750108718872,3.694000005722046,3.710750102996826
2019-06-11,3.7709999084472656,3.809000015258789,3.7290000915527344,3.768749952316284
2019-06-12,3.7249999046325684,3.731250047683716,3.6397500038146973,3.6549999713897705
2019-06-13,3.6772499084472656,3.7249999046325684,3.6594998836517334,3.7065000534057617
2019-06-14,3.6127500534057617,3.6372499465942383,3.571000099182129,3.615999937057495
2019-06-17,3.6142499446868896,3.6630001068115234,3.591249942779541,3.6257500648498535
2019-06-18,3.6875,3.8777499198913574,3.676500082015991,3.822000026702881
2019-06-19,3.8575000762939453,3.86899995803833,3.8017499446868896,3.828000068664551
2019-06-20,3.919250011444092,3.9332499504089355,3.8380000591278076,3.8524999618530273
2019-06-21,3.8375000953674316,3.88700008392334,3.7874999046325684,3.7939999103546143
2019-06-24,3.815500020980835,3.846250057220459,3.7679998874664307,3.816499948501587
2019-06-25,3.821500062942505,3.8970000743865967,3.784250020980835,3.7869999408721924
2019-06-26,3.915250062942505,4.043000221252441,3.902250051498413,3.9814999103546143
2019-06-27,4.067749977111816,4.099999904632568,4.031499862670898,4.080749988555908
2019-06-28,4.125,4.134250164031982,4.058750152587891,4.10575008392334
2019-07-01,4.3142499923706055,4.348750114440918,4.116499900817871,4.154250144958496
2019-07-02,4.137499809265137,4.158750057220459,4.042500019073486,4.055749893188477
2019-07-03,4.079249858856201,4.085000038146973,4.008500099182129,4.068749904632568
2019-07-05,4.010000228881836,4.014500141143799,3.941999912261963,4.0057501792907715
2019-07-08,3.9457499980926514,3.964750051498413,3.9000000953674316,3.9302499294281006
2019-07-09,3.8877499103546143,3.9609999656677246,3.875,3.9327499866485596
2019-07-10,3.9765000343322754,4.0592498779296875,3.9625000953674316,4.001500129699707
2019-07-11,4.074999809265137,4.197999954223633,4.037499904632568,4.1570000648498535
2019-07-12,4.184999942779541,4.261750221252441,4.184999942779541,4.190249919891357
2019-07-15,4.21150016784668,4.227749824523926,4.153250217437744,4.1817498207092285
2019-07-16,4.166749954223633,4.204249858856201,4.120999813079834,4.177000045776367
2019-07-17,4.178750038146973,4.249750137329102,4.149250030517578,4.24275016784668
2019-07-18,4.2532501220703125,4.317749977111816,4.196249961853027,4.254499912261963
2019-07-19,4.293000221252441,4.299499988555908,4.204999923706055,4.210999965667725
2019-07-22,4.232500076293945,4.296000003814697,4.224999904632568,4.2829999923706055
2019-07-23,4.322500228881836,4.393499851226807,4.3067498207092285,4.391499996185303
2019-07-24,4.434999942779541,4.472249984741211,4.358500003814697,4.4664998054504395
2019-07-25,4.424749851226807,4.4375,4.310999870300293,4.334499835968018
2019-07-26,4.36175012588501,4.423749923706055,4.36175012588501,4.3767499923706055
2019-07-29,4.369500160217285,4.386750221252441,4.281750202178955,4.370500087738037
2019-07-30,4.323750019073486,4.398499965667725,4.3092498779296875,4.386250019073486
2019-07-31,4.354499816894531,4.355500221252441,4.17549991607666,4.2179999351501465
2019-08-01,4.228499889373779,4.319499969482422,4.070499897003174,4.123000144958496
2019-08-02,4.029749870300293,4.0995001792907715,3.9820001125335693,4.029749870300293
2019-08-05,3.8450000286102295,3.846250057220459,3.7225000858306885,3.7697501182556152
2019-08-06,3.8450000286102295,3.890749931335449,3.7607500553131104,3.8087499141693115
2019-08-07,3.747499942779541,3.859250068664551,3.7300000190734863,3.847249984741211
2019-08-08,3.905250072479248,3.957750082015991,3.8475000858306885,3.9565000534057617
2019-08-09,3.915250062942505,3.918750047683716,3.8037500381469727,3.8545000553131104
2019-08-12,3.802000045776367,3.8545000553131104,3.7642500400543213,3.786250114440918
2019-08-13,3.784749984741211,3.947499990463257,3.745500087738037,3.901249885559082
2019-08-14,3.8125,3.8237500190734863,3.707750082015991,3.7517499923706055
2019-08-15,3.770750045776367,3.790750026702881,3.6847500801086426,3.719249963760376
2019-08-16,3.983750104904175,4.03849983215332,3.921999931335449,3.989000082015991
2019-08-19,4.103000164031982,4.2855000495910645,4.086750030517578,4.269499778747559
2019-08-20,4.263999938964844,4.264500141143799,4.17549991607666,4.196750164031982
2019-08-21,4.26324987411499,4.336249828338623,4.241499900817871,4.280749797821045
2019-08-22,4.290500164031982,4.333250045776367,4.247499942779541,4.2870001792907715
2019-08-23,4.210000038146973,4.264750003814697,4.040999889373779,4.060999870300293
2019-08-26,4.140250205993652,4.1645002365112305,4.097750186920166,4.136250019073486
2019-08-27,4.174749851226807,4.177499771118164,4.015500068664551,4.045000076293945
2019-08-28,4.014500141143799,4.083499908447266,3.9749999046325684,4.0304999351501465
2019-08-29,4.122499942779541,4.207499980926514,4.11899995803833,4.175000190734863
2019-08-30,4.221499919891357,4.271500110626221,4.16949987411499,4.187749862670898
2019-09-03,4.114500045776367,4.147749900817871,4.081250190734863,4.104249954223633
2019-09-04,4.165249824523926,4.226500034332275,4.165249824523926,4.218999862670898
2019-09-05,4.321750164031982,4.499750137329102,4.320000171661377,4.493500232696533
2019-09-06,4.46999979019165,4.527249813079834,4.427999973297119,4.466249942779541
2019-09-09,4.497499942779541,4.5995001792907715,4.495999813079834,4.512499809265137
2019-09-10,4.479499816894531,4.606249809265137,4.469749927520752,4.579500198364258
2019-09-11,4.594250202178955,4.656750202178955,4.565000057220459,4.608250141143799
2019-09-12,4.65500020980835,4.710000038146973,4.598750114440918,4.606750011444092
2019-09-13,4.539750099182129,4.577000141143799,4.504499912261963,4.548500061035156
2019-09-16,4.4730000495910645,4.539999961853027,4.462500095367432,4.505249977111816
2019-09-17,4.51200008392334,4.531000137329102,4.465250015258789,4.526750087738037
2019-09-18,4.519750118255615,4.5355000495910645,4.412499904632568,4.499499797821045
2019-09-19,4.505499839782715,4.52400016784668,4.412749767303467,4.423500061035156
2019-09-20,4.422500133514404,4.446249961853027,4.307000160217285,4.317249774932861
2019-09-23,4.317500114440918,4.416749954223633,4.31374979019165,4.370999813079834
2019-09-24,4.402500152587891,4.432250022888184,4.277500152587891,4.3132500648498535
2019-09-25,4.312749862670898,4.475500106811523,4.267749786376953,4.455749988555908
2019-09-26,4.446000099182129,4.454750061035156,4.38224983215332,4.433499813079834
2019-09-27,4.391499996185303,4.442500114440918,4.232999801635742,4.294000148773193
2019-09-30,4.320000171661377,4.361999988555908,4.28849983215332,4.351749897003174
2019-10-01,4.375,4.525000095367432,4.345250129699707,4.349999904632568
2019-10-02,4.328000068664551,4.340000152587891,4.2532501220703125,4.326000213623047
2019-10-03,4.33050012588501,4.539000034332275,4.300000190734863,4.532750129699707
2019-10-04,4.534999847412109,4.578750133514404,4.4695000648498535,4.54925012588501
2019-10-07,4.614500045776367,4.708499908447266,4.60575008392334,4.608250141143799
2019-10-08,4.515999794006348,4.515999794006348,4.412499904632568,4.430749893188477
2019-10-09,4.507999897003174,4.567500114440918,4.479000091552734,4.517749786376953
2019-10-10,4.515500068664551,4.626999855041504,4.510250091552734,4.57574987411499
2019-10-11,4.660250186920166,4.733500003814697,4.641250133514404,4.649750232696533
2019-10-14,4.640999794006348,4.6842498779296875,4.609749794006348,4.663249969482422
2019-10-15,4.754000186920166,4.982250213623047,4.739999771118164,4.909249782562256
2019-10-16,4.875,4.980500221252441,4.84375,4.855249881744385
2019-10-17,4.900000095367432,4.945250034332275,4.802499771118164,4.857250213623047
2019-10-18,4.857749938964844,4.890500068664551,4.6875,4.762249946594238
2019-10-21,4.823999881744385,4.913750171661377,4.804999828338623,4.90024995803833
2019-10-22,4.957499980926514,5.0632500648498535,4.882500171661377,4.890250205993652
2019-10-23,4.807750225067139,4.891499996185303,4.775750160217285,4.8772501945495605
2019-10-24,4.918749809265137,4.955249786376953,4.884500026702881,4.921500205993652
2019-10-25,5.002500057220459,5.134500026702881,4.994750022888184,5.113500118255615
2019-10-28,5.15749979019165,5.222499847412109,5.127999782562256,5.169750213623047
2019-10-29,5.155749797821045,5.16225004196167,5.053500175476074,5.072999954223633
2019-10-30,5.099999904632568,5.10575008392334,5.006499767303467,5.074999809265137
2019-10-31,5.053999900817871,5.074999809265137,4.945250034332275,5.0254998207092285
2019-11-01,4.989999771118164,5.097249984741211,4.964749813079834,5.0647501945495605
2019-11-04,5.146249771118164,5.275000095367432,5.123000144958496,5.262499809265137
2019-11-05,5.262249946594238,5.28849983215332,5.191999912261963,5.240250110626221
2019-11-06,5.216000080108643,5.2417497634887695,5.102749824523926,5.1907501220703125
2019-11-07,5.277750015258789,5.292500019073486,5.16349983215332,5.208499908447266
2019-11-08,5.191500186920166,5.226250171661377,5.153749942779541,5.194499969482422
2019-11-11,5.193749904632568,5.227749824523926,5.10699987411499,5.204500198364258
2019-11-12,5.243000030517578,5.296500205993652,5.207749843597412,5.240250110626221
2019-11-13,5.208749771118164,5.236499786376953,5.147500038146973,5.214250087738037
2019-11-14,5.223249912261963,5.247000217437744,5.163000106811523,5.244750022888184
2019-11-15,5.242499828338623,5.29449987411499,5.015999794006348,5.104750156402588
2019-11-18,5.097249984741211,5.333749771118164,5.094250202178955,5.307000160217285
2019-11-19,5.275750160217285,5.299499988555908,5.141250133514404,5.199749946594238
2019-11-20,5.176750183105469,5.363749980926514,5.164000034332275,5.2795000076293945
2019-11-21,5.275000095367432,5.330999851226807,5.232749938964844,5.254499912261963
2019-11-22,5.277249813079834,5.323999881744385,5.248499870300293,5.272250175476074
2019-11-25,5.401000022888184,5.535250186920166,5.388000011444092,5.530250072479248
2019-11-26,5.512499809265137,5.517250061035156,5.418499946594238,5.425000190734863
2019-11-27,5.466750144958496,5.50124979019165,5.429500102996826,5.455999851226807
2019-11-29,5.425000190734863,5.453499794006348,5.394499778747559,5.418499946594238
2019-12-02,5.411499977111816,5.425000190734863,5.216000080108643,5.231249809265137
2019-12-03,5.046750068664551,5.195499897003174,5.009250164031982,5.191500186920166
2019-12-04,5.2754998207092285,5.297999858856201,5.20674991607666,5.235499858856201
2019-12-05,5.257500171661377,5.273250102996826,5.187749862670898,5.218500137329102
2019-12-06,5.288000106811523,5.337250232696533,5.2779998779296875,5.3042497634887695
2019-12-09,5.28125,5.359250068664551,5.272500038146973,5.3042497634887695
2019-12-10,5.334499835968018,5.401500225067139,5.281499862670898,5.3495001792907715
2019-12-11,5.360000133514404,5.439000129699707,5.357500076293945,5.433499813079834
2019-12-12,5.4045000076293945,5.619999885559082,5.395500183105469,5.601749897003174
2019-12-13,5.604750156402588,5.7245001792907715,5.545499801635742,5.59975004196167
2019-12-16,5.647500038146973,5.701499938964844,5.6192498207092285,5.628749847412109
2019-12-17,5.647500038146973,5.730000019073486,5.638000011444092,5.707250118255615
2019-12-18,5.742249965667725,5.798500061035156,5.733749866485596,5.737750053405762
2019-12-19,5.772500038146973,5.900000095367432,5.767499923706055,5.886499881744385
2019-12-20,5.953249931335449,6.009749889373779,5.934000015258789,5.984250068664551
2019-12-23,6.013000011444092,6.045249938964844,5.959750175476074,5.9704999923706055
2019-12-24,5.954999923706055,5.982749938964844,5.920499801635742,5.9654998779296875
2019-12-26,5.968999862670898,6.007999897003174,5.949999809265137,5.979750156402588
2019-12-27,5.994999885559082,6.008500099182129,5.895249843597412,5.921750068664551
2019-12-30,5.899750232696533,5.90500020980835,5.776500225067139,5.808000087738037
2019-12-31,5.772500038146973,5.892000198364258,5.7532501220703125,5.882500171661377
2020-01-02,5.96875,5.9977498054504395,5.918000221252441,5.9977498054504395
2020-01-03,5.877500057220459,5.9457502365112305,5.852499961853027,5.901750087738037
2020-01-06,5.808000087738037,5.9317498207092285,5.781750202178955,5.926499843597412
2020-01-07,5.954999923706055,6.044250011444092,5.909749984741211,5.9982500076293945
2020-01-08,5.99399995803833,6.051000118255615,5.953750133514404,6.009500026702881
2020-01-09,6.096250057220459,6.148250102996826,6.021500110626221,6.075500011444092
2020-01-10,6.1832499504089355,6.213749885559082,6.09375,6.107999801635742
2020-01-13,6.191500186920166,6.324749946594238,6.168749809265137,6.299499988555908
2020-01-14,6.256499767303467,6.2820000648498535,6.168749809265137,6.182000160217285
2020-01-15,6.19474983215332,6.217249870300293,6.113249778747559,6.139249801635742
2020-01-16,6.192999839782715,6.229249954223633,6.16949987411499,6.223249912261963
2020-01-17,6.242499828338623,6.25,6.1842498779296875,6.23199987411499
2020-01-21,6.195250034332275,6.232250213623047,6.164249897003174,6.198500156402588
2020-01-22,6.24399995803833,6.339749813079834,6.224999904632568,6.252749919891357
2020-01-23,6.293000221252441,6.329999923706055,6.203750133514404,6.321499824523926
2020-01-24,6.4375,6.487500190734863,6.207499980926514,6.26200008392334
2020-01-27,5.955999851226807,6.056250095367432,5.805749893188477,6.005000114440918
2020-01-28,6.071249961853027,6.231750011444092,6.017749786376953,6.199250221252441
2020-01-29,6.184750080108643,6.2210001945495605,6.098499774932861,6.138500213623047
2020-01-30,6.040249824523926,6.158750057220459,5.985000133514404,6.145249843597412
2020-01-31,6.099249839782715,6.111249923706055,5.868750095367432,5.910749912261963
2020-02-03,5.892499923706055,6.027750015258789,5.886250019073486,6.0082502365112305
2020-02-04,6.150750160217285,6.197500228881836,6.100500106811523,6.178249835968018
2020-02-05,6.299749851226807,6.309999942779541,6.1852498054504395,6.269000053405762
2020-02-06,6.303500175476074,6.356249809265137,6.2220001220703125,6.356249809265137
2020-02-07,6.315999984741211,6.338250160217285,6.264249801635742,6.289750099182129
2020-02-10,6.3125,6.574999809265137,6.307499885559082,6.574250221252441
2020-02-11,6.683000087738037,6.8125,6.6207499504089355,6.697249889373779
2020-02-12,6.750249862670898,6.820000171661377,6.711249828338623,6.813499927520752
2020-02-13,6.755249977111816,6.836999893188477,6.727749824523926,6.769499778747559
2020-02-14,7.18149995803833,7.3742499351501465,7.150000095367432,7.244750022888184
2020-02-18,7.140999794006348,7.432750225067139,7.121500015258789,7.414249897003174
2020-02-19,7.53725004196167,7.885250091552734,7.53725004196167,7.867499828338623
2020-02-20,7.819250106811523,7.9079999923706055,7.408750057220459,7.71750020980835
2020-02-21,7.604750156402588,7.630000114440918,7.266499996185303,7.351749897003174
2020-02-24,6.754749774932861,7.046750068664551,6.699999809265137,6.831999778747559
2020-02-25,6.90749979019165,6.969749927520752,6.448999881744385,6.551249980926514
2020-02-26,6.551499843597412,6.886250019073486,6.550000190734863,6.691249847412109
2020-02-27,6.372499942779541,6.675000190734863,6.222249984741211,6.315000057220459
2020-02-28,6.061500072479248,6.811500072479248,6.044750213623047,6.7517499923706055
2020-03-02,6.922500133514404,6.9397501945495605,6.525000095367432,6.910749912261963
2020-03-03,6.966750144958496,7.026750087738037,6.561500072479248,6.647250175476074
2020-03-04,6.755000114440918,7.122250080108643,6.679999828338623,7.112750053405762
2020-03-05,6.912499904632568,7.079999923706055,6.787499904632568,6.832250118255615
2020-03-06,6.6519999504089355,6.709750175476074,6.449999809265137,6.651000022888184
2020-03-09,5.997499942779541,6.485000133514404,5.954500198364258,6.136000156402588
2020-03-10,6.41349983215332,6.5269999504089355,6.149750232696533,6.5269999504089355
2020-03-11,6.386499881744385,6.414999961853027,6.0642499923706055,6.161749839782715
2020-03-12,5.636499881744385,5.9029998779296875,5.394999980926514,5.407750129699707
2020-03-13,5.762499809265137,6.0254998207092285,5.490250110626221,6.020999908447266
2020-03-16,5.3102498054504395,5.652500152587891,4.849999904632568,4.909999847412109
2020-03-17,5.022749900817871,5.521500110626221,4.775000095367432,5.4317498207092285
2020-03-18,5.002500057220459,5.248499870300293,4.517000198364258,5.070499897003174
2020-03-19,5.048999786376953,5.41825008392334,4.834750175476074,5.324250221252441
2020-03-20,5.474999904632568,5.757999897003174,5.1282501220703125,5.143750190734863
2020-03-23,5.142749786376953,5.4120001792907715,4.9629998207092285,5.317249774932861
2020-03-24,5.724999904632568,6.316500186920166,5.701250076293945,6.229499816894531
2020-03-25,6.34499979019165,6.545499801635742,6.0914998054504395,6.140500068664551
2020-03-26,6.348499774932861,6.555500030517578,6.25,6.431000232696533
2020-03-27,6.25,6.578000068664551,6.2170000076293945,6.3182501792907715
2020-03-30,6.383999824523926,6.64900016784668,6.339749813079834,6.639750003814697
2020-03-31,6.679999828338623,6.885000228881836,6.443749904632568,6.590000152587891
2020-04-01,6.391250133514404,6.538249969482422,6.0320000648498535,6.076749801635742
2020-04-02,6.105999946594238,6.400000095367432,6.057750225067139,6.386750221252441
2020-04-03,6.348999977111816,6.390749931335449,5.959750175476074,6.097750186920166
2020-04-06,6.38100004196167,6.747000217437744,6.323249816894531,6.710000038146973
2020-04-07,6.932499885559082,6.956250190734863,6.432499885559082,6.475749969482422
2020-04-08,6.585249900817871,6.698750019073486,6.514999866485596,6.673749923706055
2020-04-09,6.800000190734863,6.822999954223633,6.510499954223633,6.573750019073486
2020-04-13,6.513750076293945,6.755000114440918,6.425000190734863,6.746250152587891
2020-04-14,6.875,7.132999897003174,6.847249984741211,7.098750114440918
2020-04-15,6.929999828338623,7.104249954223633,6.884500026702881,7.020999908447266
2020-04-16,7.177000045776367,7.474999904632568,7.163750171661377,7.367499828338623
2020-04-17,7.449999809265137,7.471499919891357,7.173500061035156,7.308000087738037
2020-04-20,7.181000232696533,7.337500095367432,7.131750106811523,7.176249980926514
2020-04-21,7.057750225067139,7.1192498207092285,6.677750110626221,6.737750053405762
2020-04-22,6.930749893188477,7.196750164031982,6.885000228881836,7.153749942779541
2020-04-23,7.196000099182129,7.328499794006348,7.074999809265137,7.100249767303467
2020-04-24,7.090000152587891,7.2417497634887695,7.014999866485596,7.239749908447266
2020-04-27,7.374750137329102,7.587500095367432,7.349999904632568,7.427000045776367
2020-04-28,7.574999809265137,7.605000019073486,7.278500080108643,7.283999919891357
2020-04-29,7.419250011444092,7.514500141143799,7.34375,7.46150016784668
2020-04-30,7.407249927520752,7.46150016784668,7.293000221252441,7.307000160217285
2020-05-01,7.108749866485596,7.222499847412109,7.020999908447266,7.069499969482422
2020-05-04,7.021999835968018,7.296000003814697,7.021999835968018,7.282249927520752
2020-05-05,7.386750221252441,7.506750106811523,7.282249927520752,7.343500137329102
2020-05-06,7.423250198364258,7.550000190734863,7.385250091552734,7.44474983215332
2020-05-07,7.584499835968018,7.6852498054504395,7.5329999923706055,7.6217498779296875
2020-05-08,7.693749904632568,7.818749904632568,7.659749984741211,7.8125
2020-05-11,7.807499885559082,8.112500190734863,7.778749942779541,8.065500259399414
2020-05-12,8.123499870300293,8.172499656677246,7.792749881744385,7.802499771118164
2020-05-13,7.917500019073486,8.078499794006348,7.594749927520752,7.78000020980835
2020-05-14,7.841750144958496,8.03600025177002,7.6875,8.030500411987305
2020-05-15,7.889750003814697,8.500499725341797,7.874000072479248,8.490750312805176
2020-05-18,8.760499954223633,8.916500091552734,8.680500030517578,8.750249862670898
2020-05-19,8.790249824523926,9.087499618530273,8.762749671936035,8.805500030517578
2020-05-20,8.991000175476074,9.043000221252441,8.888750076293945,8.970000267028809
2020-05-21,9.05150032043457,9.052499771118164,8.737500190734863,8.775250434875488
2020-05-22,8.825249671936035,9.093000411987305,8.713250160217285,9.026249885559082
2020-05-26,9.156749725341797,9.181750297546387,8.67199993133545,8.71774959564209
2020-05-27,8.625,8.632749557495117,7.9967498779296875,8.525250434875488
2020-05-28,8.412249565124512,8.760499954223633,8.379249572753906,8.487000465393066
2020-05-29,8.554499626159668,8.875499725341797,8.484999656677246,8.875499725341797
2020-06-01,8.833250045776367,8.840749740600586,8.689499855041504,8.806249618530273
2020-06-02,8.796250343322754,8.837249755859375,8.657999992370605,8.825249671936035
2020-06-03,8.822250366210938,8.866250038146973,8.699999809265137,8.769499778747559
2020-06-04,8.727999687194824,8.943249702453613,8.677499771118164,8.766500473022461
2020-06-05,8.794500350952148,8.996999740600586,8.708000183105469,8.920000076293945
2020-06-08,8.877249717712402,8.889749526977539,8.685750007629395,8.805000305175781
2020-06-09,8.800000190734863,9.109749794006348,8.751250267028809,9.045999526977539
2020-06-10,9.167750358581543,9.5,9.153499603271484,9.36674976348877
2020-06-11,9.149999618530273,9.261249542236328,8.78600025177002,8.796250343322754
2020-06-12,9.162500381469727,9.187250137329102,8.70324993133545,8.932499885559082
2020-06-15,8.815250396728516,9.182250022888184,8.743749618530273,9.173749923706055
2020-06-16,9.225000381469727,9.26675033569336,8.838749885559082,9.068499565124512
2020-06-17,9.113750457763672,9.298999786376953,9.070249557495117,9.236000061035156
2020-06-18,9.22700023651123,9.282500267028809,9.114500045776367,9.218000411987305
2020-06-19,9.242500305175781,9.444999694824219,9.227250099182129,9.261249542236328
2020-06-22,9.300000190734863,9.53125,9.273249626159668,9.526749610900879
2020-06-23,9.550999641418457,9.642499923706055,9.407500267028809,9.449999809265137
2020-06-24,9.476249694824219,9.556500434875488,9.144499778747559,9.23550033569336
2020-06-25,9.35575008392334,9.505000114440918,9.182250022888184,9.489999771118164
2020-06-26,9.5,9.5,9.125,9.154999732971191
2020-06-29,9.169750213623047,9.204500198364258,8.899999618530273,9.199999809265137
2020-06-30,9.314000129699707,9.526249885559082,9.266500473022461,9.497750282287598
2020-07-01,9.520750045776367,9.575750350952148,9.413000106811523,9.529999732971191
2020-07-02,9.638999938964844,9.737500190734863,9.57824993133545,9.612250328063965
2020-07-06,9.74174976348877,9.9087495803833,9.712499618530273,9.839249610900879
2020-07-07,9.946249961853027,10.069999694824219,9.850749969482422,9.871749877929688
2020-07-08,9.993749618530273,10.225000381469727,9.965499877929688,10.215999603271484
2020-07-09,10.380249977111816,10.569999694824219,10.233499526977539,10.508999824523926
2020-07-10,10.588749885559082,10.65524959564209,10.37874984741211,10.479249954223633
2020-07-13,10.595000267028809,10.79224967956543,10.024999618530273,10.052249908447266
2020-07-14,10.074999809265137,10.402750015258789,9.785499572753906,10.376999855041504
2020-07-15,10.414250373840332,10.432999610900879,10.055749893188477,10.227250099182129
2020-07-16,10.015000343322754,10.20674991607666,9.895500183105469,10.134750366210938
2020-07-17,10.225500106811523,10.248499870300293,10.087750434875488,10.201499938964844
2020-07-20,10.274250030517578,10.53125,10.156749725341797,10.510749816894531
2020-07-21,10.512999534606934,10.5600004196167,10.286749839782715,10.328499794006348
2020-07-22,10.367500305175781,10.602499961853027,10.291500091552734,10.438750267028809
2020-07-23,10.449999809265137,10.54699993133545,10.03125,10.12975025177002
2020-07-24,9.875,10.364749908447266,9.777000427246094,10.194499969482422
2020-07-27,10.232250213623047,10.441749572753906,10.21774959564209,10.421500205993652
2020-07-28,10.374250411987305,10.381999969482422,10.209250450134277,10.215499877929688
2020-07-29,10.39074993133545,10.516249656677246,10.347000122070312,10.465499877929688
2020-07-30,10.375,10.623000144958496,10.295249938964844,10.61400032043457
2020-07-31,10.563249588012695,10.766500473022461,10.432999610900879,10.614749908447266
2020-08-03,10.732500076293945,11.098750114440918,10.715250015258789,11.010250091552734
2020-08-04,11.050000190734863,11.227749824523926,10.906000137329102,11.227749824523926
2020-08-05,11.244000434875488,11.371749877929688,11.166250228881836,11.286749839782715
2020-08-06,11.349749565124512,11.357999801635742,11.178750038146973,11.33549976348877
2020-08-07,11.3125,11.50475025177002,11.037500381469727,11.19950008392334
2020-08-10,11.334250450134277,11.408249855041504,10.856499671936035,11.164999961853027
2020-08-11,11.073749542236328,11.136750221252441,10.79574966430664,10.850000381469727
2020-08-12,10.990750312805176,11.467000007629395,10.958250045776367,11.440250396728516
2020-08-13,11.545999526977539,11.721750259399414,11.35575008392334,11.442999839782715
2020-08-14,11.529999732971191,11.704750061035156,11.440500259399414,11.564000129699707
2020-08-17,11.851249694824219,12.409749984741211,11.81725025177002,12.336999893188477
2020-08-18,12.449999809265137,12.496000289916992,12.086250305175781,12.260749816894531
2020-08-19,12.296500205993652,12.3149995803833,12.097999572753906,12.138500213623047
2020-08-20,11.975000381469727,12.375,11.87874984741211,12.140999794006348
2020-08-21,12.201749801635742,12.80875015258789,12.195249557495117,12.683500289916992
2020-08-24,12.883749961853027,12.912500381469727,12.507499694824219,12.720250129699707
2020-08-25,12.630749702453613,12.761249542236328,12.573749542236328,12.75
2020-08-26,12.799249649047852,12.868499755859375,12.677749633789062,12.77299976348877
2020-08-27,12.781499862670898,12.850000381469727,12.566499710083008,12.628250122070312
2020-08-28,12.675000190734863,13.14799976348877,12.642499923706055,13.147749900817871
2020-08-31,13.18274974822998,13.574999809265137,13.037750244140625,13.374500274658203
2020-09-01,13.479999542236328,13.993749618530273,13.43649959564209,13.821000099182129
2020-09-02,14.703749656677246,14.726750373840332,13.899999618530273,14.346500396728516
2020-09-03,13.828749656677246,13.884499549865723,12.87874984741211,13.01550006866455
2020-09-04,12.7837495803833,13.175000190734863,11.704750061035156,12.6225004196167
2020-09-08,11.73449993133545,12.550000190734863,11.70425033569336,11.913000106811523
2020-09-09,12.399999618530273,12.809249877929688,12.231749534606934,12.71500015258789
2020-09-10,12.989250183105469,13.065250396728516,12.166999816894531,12.311750411987305
2020-09-11,12.48550033569336,12.65250015258789,11.895750045776367,12.16450023651123
2020-09-14,13.081000328063965,13.3149995803833,12.631250381469727,12.872249603271484
2020-09-15,13.279999732971191,13.298749923706055,12.827750205993652,12.991000175476074
2020-09-16,12.957249641418457,13.09274959564209,12.513750076293945,12.51449966430664
2020-09-17,12.13224983215332,12.589750289916992,12.034749984741211,12.463500022888184
2020-09-18,12.59375,12.632499694824219,11.988750457763672,12.189249992370605
2020-09-21,11.925000190734863,12.522500038146973,11.904500007629395,12.517250061035156
2020-09-22,12.574999809265137,12.64799976348877,12.155500411987305,12.637749671936035
2020-09-23,12.575499534606934,12.72700023651123,12.07925033569336,12.123749732971191
2020-09-24,12.072250366210938,12.569499969482422,12.013999938964844,12.347999572753906
2020-09-25,12.447500228881836,12.883500099182129,12.245750427246094,12.873749732971191
2020-09-28,13.040249824523926,13.051750183105469,12.75,13.03499984741211
2020-09-29,12.9375,13.442749977111816,12.933250427246094,13.225749969482422
2020-09-30,13.157500267028809,13.6225004196167,13.150250434875488,13.530500411987305
2020-10-01,13.758000373840332,13.762749671936035,13.460749626159668,13.614500045776367
2020-10-02,13.225000381469727,13.519499778747559,13.050999641418457,13.062250137329102
2020-10-05,13.236000061035156,13.64424991607666,13.222749710083008,13.642499923706055
2020-10-06,13.829999923706055,14.142000198364258,13.664999961853027,13.736499786376953
2020-10-07,13.999750137329102,14.119250297546387,13.863499641418457,13.96399974822998
2020-10-08,14.074999809265137,14.084500312805176,13.758000373840332,13.838749885559082
2020-10-09,13.767000198364258,13.824250221252441,13.660750389099121,13.762749671936035
2020-10-12,13.989500045776367,14.347000122070312,13.912500381469727,14.22599983215332
2020-10-13,14.296500205993652,14.34850025177002,14.018750190734863,14.248250007629395
2020-10-14,14.290499687194824,14.34274959564209,13.960000038146973,14.095250129699707
2020-10-15,13.810750007629395,14.005749702453613,13.767749786376953,13.970000267028809
2020-10-16,14.036749839782715,14.121500015258789,13.792499542236328,13.81149959564209
2020-10-19,13.902999877929688,13.983499526977539,13.406749725341797,13.497750282287598
2020-10-20,13.583499908447266,13.799750328063965,13.506999969482422,13.645500183105469
2020-10-21,13.625,13.791500091552734,13.477499961853027,13.524749755859375
2020-10-22,13.522500038146973,13.611749649047852,13.231749534606934,13.361000061035156
2020-10-23,13.449999809265137,13.593250274658203,13.291250228881836,13.590250015258789
2020-10-26,13.427000045776367,13.692749977111816,13.03849983215332,13.141249656677246
2020-10-27,13.305999755859375,13.442000389099121,13.191499710083008,13.396750450134277
2020-10-28,13.197999954223633,13.260000228881836,12.609000205993652,12.626999855041504
2020-10-29,12.838500022888184,13.192749977111816,12.75,13.02400016784668
2020-10-30,12.850000381469727,12.93649959564209,12.300000190734863,12.534000396728516
2020-11-02,12.657750129699707,12.836750030517578,12.395000457763672,12.580750465393066
2020-11-03,12.708499908447266,13.104999542236328,12.602749824523926,13.019499778747559
2020-11-04,13.389249801635742,13.827500343322754,13.336999893188477,13.794249534606934
2020-11-05,14.162500381469727,14.33899974822998,13.991000175476074,14.15999984741211
2020-11-06,14.109749794006348,14.588749885559082,13.895000457763672,14.562000274658203
2020-11-09,14.552499771118164,14.691499710083008,13.610750198364258,13.630749702453613
2020-11-10,13.606499671936035,13.606499671936035,12.628250122070312,12.770000457763672
2020-11-11,13.053750038146973,13.4350004196167,12.948249816894531,13.418000221252441
2020-11-12,13.479000091552734,13.765999794006348,13.315999984741211,13.45674991607666
2020-11-13,13.627249717712402,13.668749809265137,13.059249877929688,13.29699993133545
2020-11-16,13.172499656677246,13.649499893188477,13.156000137329102,13.515250205993652
2020-11-17,13.552499771118164,13.5962495803833,13.303750038146973,13.422249794006348
2020-11-18,13.465250015258789,13.60575008392334,13.1850004196167,13.428750038146973
2020-11-19,13.212750434875488,13.487500190734863,13.100000381469727,13.440250396728516
2020-11-20,13.454000473022461,13.494500160217285,13.0649995803833,13.087750434875488
2020-11-23,13.171250343322754,13.382499694824219,13.01550006866455,13.140000343322754
2020-11-24,13.142499923706055,13.161999702453613,12.885000228881836,12.95775032043457
2020-11-25,13.032500267028809,13.269499778747559,13.020000457763672,13.234749794006348
2020-11-27,13.375,13.407500267028809,13.170499801635742,13.261249542236328
2020-11-30,13.265000343322754,13.412500381469727,12.972249984741211,13.40149974822998
2020-12-01,13.492250442504883,13.5287504196167,13.228249549865723,13.390000343322754
2020-12-02,13.350500106811523,13.673500061035156,13.23425006866455,13.544500350952148
2020-12-03,13.587499618530273,13.65999984741211,13.329000473022461,13.395999908447266
2020-12-04,13.44849967956543,13.5600004196167,13.388750076293945,13.558250427246094
2020-12-07,13.601249694824219,13.731249809265137,13.5,13.606749534606934
2020-12-08,13.585000038146973,13.598750114440918,13.281499862670898,13.350000381469727
2020-12-09,13.30049991607666,13.413999557495117,12.868249893188477,12.930749893188477
2020-12-10,12.869000434875488,13.068750381469727,12.849499702453613,12.972249984741211
2020-12-11,12.967249870300293,13.020000457763672,12.822999954223633,13.013250350952148
2020-12-14,13.088000297546387,13.388750076293945,13.077500343322754,13.30875015258789
2020-12-15,13.439749717712402,13.46399974822998,13.186750411987305,13.36050033569336
2020-12-16,13.422499656677246,13.437250137329102,13.212499618530273,13.242500305175781
2020-12-17,13.36674976348877,13.379500389099121,13.178500175476074,13.3412504196167
2020-12-18,13.378999710083008,13.404999732971191,13.070500373840332,13.272000312805176
2020-12-21,13.074749946594238,13.369999885559082,12.967499732971191,13.332249641418457
2020-12-22,13.319250106811523,13.337249755859375,13.053999900817871,13.278249740600586
2020-12-23,13.255999565124512,13.274999618530273,13.005000114440918,13.009249687194824
2020-12-24,13.037249565124512,13.132499694824219,12.938750267028809,12.993749618530273
2020-12-28,13.0625,13.0625,12.763250350952148,12.899999618530273
2020-12-29,12.925000190734863,13.072500228881836,12.842249870300293,12.943249702453613
2020-12-30,12.990249633789062,13.213749885559082,12.896750450134277,13.145750045776367
2020-12-31,13.136500358581543,13.151000022888184,12.914999961853027,13.055000305175781
2021-01-04,13.104249954223633,13.65250015258789,12.962499618530273,13.113499641418457
2021-01-05,13.099749565124512,13.443499565124512,13.086999893188477,13.404749870300293
2021-01-06,13.22249984741211,13.244999885559082,12.586000442504883,12.614500045776367
2021-01-07,12.967499732971191,13.377750396728516,12.886500358581543,13.343999862670898
2021-01-08,13.362500190734863,13.420999526977539,13.041999816894531,13.276749610900879
2021-01-11,13.418749809265137,13.961000442504883,13.362500190734863,13.621500015258789
2021-01-12,13.7524995803833,13.754500389099121,13.345000267028809,13.484749794006348
2021-01-13,13.489999771118164,13.625,13.385000228881836,13.531749725341797
2021-01-14,13.574999809265137,13.599749565124512,13.180500030517578,13.200249671936035
2021-01-15,13.227999687194824,13.325249671936035,12.84850025177002,12.85949993133545
2021-01-19,13.016249656677246,13.093999862670898,12.843999862670898,13.025250434875488
2021-01-20,13.111749649047852,13.430500030517578,13.056750297546387,13.365750312805176
2021-01-21,13.418499946594238,13.999250411987305,13.253000259399414,13.867500305175781
2021-01-22,13.739999771118164,13.841750144958496,13.627249717712402,13.712499618530273
2021-01-25,13.781749725341797,13.828499794006348,13.236499786376953,13.653249740600586
2021-01-26,13.580499649047852,13.644749641418457,13.387499809265137,13.435250282287598
2021-01-27,13.229999542236328,13.232749938964844,12.793749809265137,12.917750358581543
2021-01-28,12.99625015258789,13.339750289916992,12.96049976348877,13.050999641418457
2021-01-29,13.074999809265137,13.334750175476074,12.911499977111816,12.989749908447266
2021-02-01,13.053250312805176,13.270750045776367,12.902750015258789,13.237000465393066
2021-02-02,13.398750305175781,13.571999549865723,13.285499572753906,13.556750297546387
2021-02-03,13.63599967956543,13.931750297546387,13.516500473022461,13.530500411987305
2021-02-04,13.531000137329102,13.673500061035156,13.337750434875488,13.664250373840332
2021-02-05,13.725000381469727,13.737250328063965,13.54574966430664,13.590999603271484
2021-02-08,13.727250099182129,14.473750114440918,13.727250099182129,14.438750267028809
2021-02-09,14.340749740600586,14.583250045776367,14.22249984741211,14.263250350952148
2021-02-10,14.463250160217285,14.904999732971191,14.341500282287598,14.764249801635742
2021-02-11,14.980250358581543,15.272250175476074,14.925000190734863,15.250749588012695
2021-02-12,15.050000190734863,15.291250228881836,14.774999618530273,14.961250305175781
2021-02-16,15.064249992370605,15.3725004196167,14.949999809265137,15.330249786376953
2021-02-17,15.170999526977539,15.22350025177002,14.779999732971191,14.906000137329102
2021-02-18,14.729000091552734,14.873250007629395,14.574999809265137,14.829000473022461
2021-02-19,15.024499893188477,15.177000045776367,14.846750259399414,14.92650032043457
2021-02-22,14.774749755859375,15.13325023651123,14.324999809265137,14.35575008392334
2021-02-23,14.075249671936035,14.238750457763672,13.38949966430664,14.142000198364258
2021-02-24,14.122750282287598,14.506750106811523,13.755999565124512,14.49899959564209
2021-02-25,14.045499801635742,14.374750137329102,13.2162504196167,13.307499885559082
2021-02-26,13.7524995803833,13.854499816894531,13.361000061035156,13.714500427246094
2021-03-01,13.875,13.925000190734863,13.553250312805176,13.841750144958496
2021-03-02,13.899999618530273,13.920499801635742,13.395999908447266,13.40625
2021-03-03,13.426250457763672,13.451499938964844,12.798749923706055,12.804750442504883
2021-03-04,12.800749778747559,12.975000381469727,12.083749771118164,12.37024974822998
2021-03-05,12.550000190734863,12.550000190734863,11.67924976348877,12.46150016784668
2021-03-08,12.449999809265137,12.4712495803833,11.566499710083008,11.593250274658203
2021-03-09,12.130249977111816,12.61674976348877,12.059249877929688,12.52025032043457
2021-03-10,12.840499877929688,12.979999542236328,12.457500457763672,12.468250274658203
2021-03-11,12.949999809265137,13.046250343322754,12.73449993133545,12.993499755859375
2021-03-12,12.648249626159668,12.888750076293945,12.59000015258789,12.855999946594238
2021-03-15,12.864749908447266,13.20674991607666,12.767250061035156,13.19124984741211
2021-03-16,13.356499671936035,13.512499809265137,13.11674976348877,13.291250228881836
2021-03-17,13.039750099182129,13.45324993133545,12.989500045776367,13.3412504196167
2021-03-18,13.136500358581543,13.184000015258789,12.717000007629395,12.72249984741211
2021-03-19,12.75,12.921500205993652,12.612500190734863,12.845749855041504
2021-03-22,12.912750244140625,13.394499778747559,12.906749725341797,13.186249732971191
2021-03-23,13.254249572753906,13.344499588012695,13.021249771118164,13.07075023651123
2021-03-24,13.151249885559082,13.159250259399414,12.636750221252441,12.642999649047852
2021-03-25,12.499500274658203,12.714750289916992,12.272000312805176,12.535249710083008
2021-03-26,12.554499626159668,12.856249809265137,12.373499870300293,12.839249610900879
2021-03-29,12.820249557495117,13.0625,12.699999809265137,12.948249816894531
2021-03-30,12.842000007629395,12.975250244140625,12.704999923706055,12.871749877929688
2021-03-31,13.01550006866455,13.470499992370605,12.982500076293945,13.348250389099121
2021-04-01,13.572250366210938,13.869999885559082,13.511249542236328,13.811750411987305
2021-04-05,13.867500305175781,14.013999938964844,13.732999801635742,13.987500190734863
2021-04-06,13.999750137329102,14.05424976348877,13.773500442504883,13.861499786376953
2021-04-07,13.880749702453613,14.243499755859375,13.71150016784668,14.143500328063965
2021-04-08,14.252750396728516,14.471500396728516,14.24899959564209,14.317000389099121
2021-04-09,14.21399974822998,14.407999992370605,14.175000190734863,14.399999618530273
2021-04-12,14.289750099182129,15.352499961853027,14.139249801635742,15.208999633789062
2021-04-13,15.231499671936035,15.699999809265137,15.125749588012695,15.679499626159668
2021-04-14,15.625,15.720499992370605,15.227499961853027,15.277000427246094
2021-04-15,15.662500381469727,16.214250564575195,15.631500244140625,16.137250900268555
2021-04-16,16.05299949645996,16.16575050354004,15.865249633789062,15.912500381469727
2021-04-19,15.536499977111816,15.807499885559082,15.232999801635742,15.361749649047852
2021-04-20,15.323249816894531,15.496999740600586,14.963000297546387,15.171250343322754
2021-04-21,15.118749618530273,15.362500190734863,15.102250099182129,15.36050033569336
2021-04-22,15.375,15.43850040435791,14.783499717712402,14.850250244140625
2021-04-23,14.934249877929688,15.335000038146973,14.900250434875488,15.265250205993652
2021-04-26,15.1850004196167,15.479000091552734,15.125,15.477999687194824
2021-04-27,15.578499794006348,15.670499801635742,15.354499816894531,15.381750106811523
2021-04-28,15.364500045776367,15.53225040435791,15.215499877929688,15.276749610900879
2021-04-29,15.399999618530273,15.43649959564209,15.071499824523926,15.324749946594238
2021-04-30,15.174500465393066,15.364999771118164,14.996999740600586,15.009499549865723
2021-05-03,15.125,15.246749877929688,14.787500381469727,14.836750030517578
2021-05-04,14.637249946594238,14.637499809265137,14.010250091552734,14.351249694824219
2021-05-05,14.708999633789062,14.81350040435791,14.387499809265137,14.458499908447266
2021-05-06,14.49524974822998,14.571249961853027,14.218000411987305,14.52299976348877
2021-05-07,14.808250427246094,14.970749855041504,14.67175006866455,14.812250137329102
2021-05-10,14.787249565124512,14.805999755859375,14.25,14.26574993133545
2021-05-11,13.824999809265137,14.35474967956543,13.75,14.306249618530273
2021-05-12,14.009499549865723,14.260250091552734,13.709250450134277,13.758500099182129
2021-05-13,14.0337495803833,14.080750465393066,13.458999633789062,13.665249824523926
2021-05-14,13.890000343322754,14.32800006866455,13.748499870300293,14.243000030517578
2021-05-17,14.156999588012695,14.169249534606934,13.853500366210938,14.165499687194824
2021-05-18,14.267000198364258,14.404250144958496,14.003999710083008,14.01574993133545
2021-05-19,13.566499710083008,14.079500198364258,13.54325008392334,14.065750122070312
2021-05-20,14.302499771118164,14.68375015258789,14.270500183105469,14.612500190734863
2021-05-21,15.163749694824219,15.222000122070312,14.869500160217285,14.99174976348877
2021-05-24,15.212499618530273,15.744999885559082,15.175999641418457,15.612000465393066
2021-05-25,15.765999794006348,15.818499565124512,15.482500076293945,15.647749900817871
2021-05-26,15.73425006866455,15.793749809265137,15.586250305175781,15.699999809265137
2021-05-27,15.699749946594238,15.75,15.460000038146973,15.48799991607666
2021-05-28,15.50100040435791,16.27750015258789,15.50100040435791,16.24449920654297
2021-06-01,16.270000457763672,16.38825035095215,15.903249740600586,16.26449966430664
2021-06-02,16.25225067138672,16.918750762939453,16.23550033569336,16.778249740600586
2021-06-03,16.70075035095215,17.259000778198242,16.58300018310547,16.969749450683594
2021-06-04,17.112499237060547,17.660999298095703,17.095500946044922,17.578250885009766
2021-06-07,17.571250915527344,17.8125,17.192750930786133,17.618999481201172
2021-06-08,17.527250289916992,17.62150001525879,17.250999450683594,17.457000732421875
2021-06-09,17.515750885009766,17.575000762939453,17.25575065612793,17.35824966430664
2021-06-10,17.350000381469727,17.492000579833984,17.176000595092773,17.424999237060547
2021-06-11,17.47949981689453,17.939250946044922,17.443750381469727,17.82525062561035
2021-06-14,17.9060001373291,18.039499282836914,17.662750244140625,18.018749237060547
2021-06-15,17.915000915527344,18.016250610351562,17.72800064086914,17.78849983215332
2021-06-16,17.79075050354004,17.954750061035156,17.58449935913086,17.81024932861328
2021-06-17,17.774499893188477,18.834999084472656,17.756250381469727,18.657249450683594
2021-06-18,18.784000396728516,19.375,18.583999633789062,18.638750076293945
2021-06-21,18.43524932861328,18.536500930786133,17.822750091552734,18.427249908447266
2021-06-22,18.471500396728516,18.9637508392334,18.38599967956543,18.886749267578125
2021-06-23,19.007749557495117,19.15275001525879,18.90774917602539,19.057249069213867
2021-06-24,19.227750778198242,19.420000076293945,19.08824920654297,19.20549964904785
2021-06-25,19.280500411987305,19.345500946044922,18.894500732421875,19.0310001373291
2021-06-28,19.361249923706055,20.078750610351562,19.319000244140625,19.985000610351562
2021-06-29,19.88249969482422,20.0987491607666,19.656999588012695,20.026750564575195
2021-06-30,19.999250411987305,20.162500381469727,19.863750457763672,20.002500534057617
2021-07-01,20.125,20.45599937438965,20.018999099731445,20.211999893188477
2021-07-02,20.440250396728516,20.505250930786133,20.287750244140625,20.48699951171875
2021-07-06,20.737499237060547,20.841999053955078,20.350250244140625,20.69849967956543
2021-07-07,20.853500366210938,20.875,20.332000732421875,20.371749877929688
2021-07-08,19.85650062561035,20.132999420166016,19.70075035095215,19.90275001525879
2021-07-09,19.962499618530273,20.080249786376953,19.754249572753906,20.050249099731445
2021-07-12,20.239999771118164,20.53274917602539,20.1877498626709,20.512500762939453
2021-07-13,20.40049934387207,20.46125030517578,20.11400032043457,20.25
2021-07-14,20.357749938964844,20.417749404907227,19.752750396728516,19.84149932861328
2021-07-15,19.811750411987305,19.847000122070312,18.85849952697754,18.966249465942383
2021-07-16,19.030500411987305,19.156999588012695,18.072999954223633,18.160999298095703
2021-07-19,17.915250778198242,19.04199981689453,17.86549949645996,18.77975082397461
2021-07-20,18.729999542236328,18.83799934387207,18.163999557495117,18.61199951171875
2021-07-21,18.881999969482422,19.527000427246094,18.742000579833984,19.40999984741211
2021-07-22,19.642000198364258,19.886999130249023,19.275999069213867,19.5939998626709
2021-07-23,19.6560001373291,19.700000762939453,19.25,19.558000564575195
2021-07-26,19.31100082397461,19.441999435424805,18.913999557495117,19.29400062561035
2021-07-27,19.264999389648438,19.621999740600586,18.740999221801758,19.20800018310547
2021-07-28,19.319000244140625,19.645999908447266,18.9950008392334,19.503000259399414
2021-07-29,19.518999099731445,19.85300064086914,19.327999114990234,19.66200065612793
2021-07-30,19.417999267578125,19.6299991607666,19.26300048828125,19.499000549316406
2021-08-02,19.700000762939453,19.961000442504883,19.361000061035156,19.75
2021-08-03,19.739999771118164,20.222000122070312,19.219999313354492,19.815000534057617
2021-08-04,19.989999771118164,20.31800079345703,19.827999114990234,20.27400016784668
2021-08-05,20.5,20.732999801635742,20.341999053955078,20.636999130249023
2021-08-06,20.52400016784668,20.56999969482422,20.209999084472656,20.365999221801758
2021-08-09,20.445999145507812,20.507999420166016,20.14299964904785,20.295000076293945
2021-08-10,20.32200050354004,20.43000030517578,19.834999084472656,19.93600082397461
2021-08-11,20.042999267578125,20.048999786376953,19.43000030517578,19.698999404907227
2021-08-12,19.8700008392334,20.02899932861328,19.6200008392334,19.905000686645508
2021-08-13,19.905000686645508,20.214000701904297,19.85099983215332,20.187999725341797
2021-08-16,20.135000228881836,20.28700065612793,19.452999114990234,19.950000762939453
2021-08-17,19.684999465942383,19.770000457763672,19.267000198364258,19.45800018310547
2021-08-18,19.5,19.634000778198242,19.0,19.040000915527344
2021-08-19,19.493999481201172,20.4950008392334,18.761999130249023,19.79800033569336
2021-08-20,19.990999221801758,20.864999771118164,19.933000564575195,20.81599998474121
2021-08-23,20.97100067138672,21.996999740600586,20.950000762939453,21.95800018310547
2021-08-24,21.753000259399414,21.958999633789062,21.53499984741211,21.792999267578125
2021-08-25,21.73699951171875,22.469999313354492,21.722000122070312,22.21299934387207
2021-08-26,22.200000762939453,22.34000015258789,21.790000915527344,22.06800079345703
2021-08-27,22.18400001525879,22.722000122070312,22.16699981689453,22.63599967956543
2021-08-30,22.829999923706055,23.042999267578125,22.551000595092773,22.687999725341797
2021-08-31,22.69499969482422,22.69499969482422,22.1200008392334,22.385000228881836
2021-09-01,22.485000610351562,22.69700050354004,22.35700035095215,22.44099998474121
2021-09-02,22.51799964904785,22.593000411987305,22.295000076293945,22.395999908447266
2021-09-03,22.325000762939453,22.986000061035156,22.200000762939453,22.843000411987305
2021-09-07,22.83300018310547,22.89900016784668,22.52199935913086,22.66200065612793
2021-09-08,22.51300048828125,22.610000610351562,21.976999282836914,22.339000701904297
2021-09-09,22.312000274658203,22.538000106811523,22.131000518798828,22.177000045776367
2021-09-10,22.347999572753906,22.625999450683594,22.270000457763672,22.47800064086914
2021-09-13,22.68400001525879,22.964000701904297,21.857999801635742,22.152000427246094
2021-09-14,22.274999618530273,22.40999984741211,22.086000442504883,22.242000579833984
2021-09-15,22.30900001525879,22.367000579833984,21.965999603271484,22.340999603271484
2021-09-16,22.183000564575195,22.277000427246094,21.927000045776367,22.242000579833984
2021-09-17,22.299999237060547,22.320999145507812,21.829999923706055,21.899999618530273
2021-09-20,21.145999908447266,21.433000564575195,20.66200065612793,21.113000869750977
2021-09-21,21.41699981689453,21.424999237060547,20.950000762939453,21.246000289916992
2021-09-22,21.365999221801758,21.959999084472656,21.195999145507812,21.94099998474121
2021-09-23,22.139999389648438,22.53499984741211,21.889999389648438,22.48200035095215
2021-09-24,22.06999969482422,22.14900016784668,21.861000061035156,22.08099937438965
2021-09-27,21.709999084472656,21.798999786376953,21.325000762939453,21.65999984741211
2021-09-28,21.214000701904297,21.41900062561035,20.650999069213867,20.698999404907227
2021-09-29,20.940000534057617,21.017000198364258,20.466999053955078,20.517000198364258
2021-09-30,20.76799964904785,21.06599998474121,20.687999725341797,20.715999603271484
2021-10-01,20.75,20.858999252319336,20.202999114990234,20.742000579833984
2021-10-04,20.503999710083008,20.54199981689453,19.55500030517578,19.73200035095215
2021-10-05,19.950000762939453,20.648000717163086,19.854000091552734,20.451000213623047
2021-10-06,20.1200008392334,20.719999313354492,20.079999923706055,20.700000762939453
2021-10-07,21.091999053955078,21.32200050354004,20.972000122070312,21.075000762939453
2021-10-08,21.10099983215332,21.20599937438965,20.774999618530273,20.83099937438965
2021-10-11,20.575000762939453,21.062999725341797,20.51099967956543,20.69499969482422
2021-10-12,20.827999114990234,21.05699920654297,20.527999877929688,20.67099952697754
2021-10-13,20.917999267578125,20.989999771118164,20.71299934387207,20.93899917602539
2021-10-14,21.288000106811523,21.7549991607666,21.121999740600586,21.746000289916992
2021-10-15,21.809999465942383,21.930999755859375,21.66200065612793,21.86199951171875
2021-10-18,21.749000549316406,22.291000366210938,21.643999099731445,22.222000122070312
2021-10-19,22.275999069213867,22.378999710083008,22.03700065612793,22.290000915527344
2021-10-20,22.30500030517578,22.433000564575195,21.98200035095215,22.10300064086914
2021-10-21,22.097000122070312,22.711000442504883,22.08300018310547,22.691999435424805
2021-10-22,22.822999954223633,23.1299991607666,22.56100082397461,22.72599983215332
2021-10-25,22.972999572753906,23.354999542236328,22.770000457763672,23.166000366210938
2021-10-26,23.98900032043457,25.259000778198242,23.923999786376953,24.716999053955078
2021-10-27,24.474000930786133,25.09000015258789,24.281999588012695,24.451000213623047
2021-10-28,24.878000259399414,24.950000762939453,24.523000717163086,24.94099998474121
2021-10-29,25.000999450683594,25.708999633789062,25.0,25.566999435424805
2021-11-01,25.64900016784668,25.893999099731445,25.226999282836914,25.82699966430664
2021-11-02,25.82200050354004,26.67799949645996,25.799999237060547,26.400999069213867
2021-11-03,26.670000076293945,26.784000396728516,26.235000610351562,26.597999572753906
2021-11-04,27.229000091552734,31.364999771118164,27.118000030517578,29.801000595092773
2021-11-05,30.187000274658203,31.399999618530273,29.40999984741211,29.75200080871582
2021-11-08,30.14900016784668,31.100000381469727,29.906999588012695,30.804000854492188
2021-11-09,32.28200149536133,32.310001373291016,29.964000701904297,30.656999588012695
2021-11-10,29.356000900268555,30.850000381469727,28.777999877929688,29.458999633789062
2021-11-11,30.468000411987305,30.59000015258789,29.777000427246094,30.389999389648438
2021-11-12,30.010000228881836,30.68000030517578,29.6299991607666,30.389999389648438
2021-11-15,30.552000045776367,30.643999099731445,29.246999740600586,30.024999618530273
2021-11-16,29.759000778198242,30.389999389648438,29.70599937438965,30.202999114990234
2021-11-17,30.417999267578125,30.509000778198242,28.799999237060547,29.26099967956543
2021-11-18,32.367000579833984,32.7599983215332,31.320999145507812,31.674999237060547
2021-11-19,32.24300003051758,33.0880012512207,31.905000686645508,32.98500061035156
2021-11-22,33.516998291015625,34.64699935913086,31.899999618530273,31.95599937438965
2021-11-23,31.53499984741211,32.36000061035156,30.8799991607666,31.746000289916992
2021-11-24,31.461000442504883,32.85499954223633,30.92799949645996,32.67399978637695
2021-11-26,32.599998474121094,32.709999084472656,31.350000381469727,31.503000259399414
2021-11-29,32.36600112915039,33.4119987487793,32.0359992980957,33.375999450683594
2021-11-30,33.16899871826172,33.35300064086914,31.86400032043457,32.67599868774414
2021-12-01,33.21900177001953,33.28900146484375,31.3799991607666,31.434999465942383
2021-12-02,31.214000701904297,32.47800064086914,31.024999618530273,32.125999450683594
2021-12-03,32.0,32.12900161743164,30.1299991607666,30.69300079345703
2021-12-06,29.8799991607666,30.240999221801758,28.038000106811523,30.03700065612793
2021-12-07,30.957000732421875,32.44900131225586,30.650999069213867,32.426998138427734
2021-12-08,31.999000549316406,32.290000915527344,31.42099952697754,31.826000213623047
2021-12-09,31.733999252319336,32.20500183105469,30.42799949645996,30.489999771118164
2021-12-10,31.149999618530273,31.30500030517578,29.861000061035156,30.197999954223633
2021-12-13,30.249000549316406,30.29400062561035,28.115999221801758,28.160999298095703
2021-12-14,27.698999404907227,28.67799949645996,27.25,28.336999893188477
2021-12-15,28.399999618530273,30.5,27.83799934387207,30.458999633789062
2021-12-16,31.152000427246094,31.15999984741211,28.093000411987305,28.386999130249023
2021-12-17,27.985000610351562,28.922000885009766,27.760000228881836,27.801000595092773
2021-12-20,27.30500030517578,28.143999099731445,27.145000457763672,27.7189998626709
2021-12-21,28.374000549316406,29.1200008392334,27.400999069213867,29.075000762939453
2021-12-22,28.891000747680664,29.55500030517578,28.448999404907227,29.399999618530273
2021-12-23,29.7549991607666,30.05900001525879,29.430999755859375,29.639999389648438
2021-12-27,29.65999984741211,31.086999893188477,29.639999389648438,30.94499969482422
2021-12-28,31.312000274658203,31.329999923706055,30.011999130249023,30.32200050354004
2021-12-29,30.273000717163086,30.54800033569336,29.365999221801758,30.000999450683594
2021-12-30,29.82699966430664,30.457000732421875,29.540000915527344,29.586000442504883
2021-12-31,29.673999786376953,30.030000686645508,29.33099937438965,29.410999298095703
2022-01-03,29.815000534057617,30.711000442504883,29.78499984741211,30.121000289916992
2022-01-04,30.277000427246094,30.468000411987305,28.349000930786133,29.290000915527344
2022-01-05,28.948999404907227,29.416000366210938,27.533000946044922,27.604000091552734
2022-01-06,27.639999389648438,28.437999725341797,27.065000534057617,28.17799949645996
2022-01-07,28.141000747680664,28.422000885009766,27.05699920654297,27.246999740600586
2022-01-10,26.58099937438965,27.4689998626709,25.643999099731445,27.399999618530273
2022-01-11,27.322999954223633,28.065000534057617,26.839000701904297,27.816999435424805
2022-01-12,28.066999435424805,28.594999313354492,27.607999801635742,27.999000549316406
2022-01-13,28.378999710083008,28.479999542236328,26.49799919128418,26.575000762939453
2022-01-14,26.299999237060547,27.19700050354004,26.209999084472656,26.941999435424805
2022-01-18,26.260000228881836,26.63800048828125,25.770000457763672,25.902999877929688
2022-01-19,26.07900047302246,26.542999267578125,25.052000045776367,25.066999435424805
2022-01-20,25.304000854492188,25.57900047302246,24.077999114990234,24.149999618530273
2022-01-21,23.506999969482422,24.822999954223633,23.26300048828125,23.374000549316406
2022-01-24,22.329999923706055,23.3799991607666,20.88800048828125,23.371999740600586
2022-01-25,22.54599952697754,22.94300079345703,22.0,22.323999404907227
2022-01-26,23.239999771118164,24.05699920654297,22.299999237060547,22.77199935913086
2022-01-27,23.56800079345703,23.9950008392334,21.674999237060547,21.944000244140625
2022-01-28,22.011999130249023,22.857999801635742,21.29599952697754,22.84000015258789
2022-01-31,23.18199920654297,24.509000778198242,23.052000045776367,24.486000061035156
2022-02-01,25.104000091552734,25.145000457763672,23.889999389648438,24.63800048828125
2022-02-02,25.79400062561035,25.816999435424805,24.55299949645996,25.242000579833984
2022-02-03,24.45800018310547,25.07699966430664,23.780000686645508,23.947999954223633
2022-02-04,23.972000122070312,24.635000228881836,23.631999969482422,24.319000244140625
2022-02-07,24.371999740600586,25.18199920654297,24.20199966430664,24.72800064086914
2022-02-08,24.358999252319336,25.229999542236328,23.979999542236328,25.107999801635742
2022-02-09,25.621999740600586,26.725000381469727,25.35300064086914,26.704999923706055
2022-02-10,25.9950008392334,26.924999237060547,25.600000381469727,25.823999404907227
2022-02-11,25.916000366210938,26.152000427246094,23.773000717163086,23.948999404907227
2022-02-14,23.93400001525879,24.875,23.7549991607666,24.267000198364258
2022-02-15,24.948999404907227,26.545000076293945,24.784000396728516,26.4950008392334
2022-02-16,26.259000778198242,26.582000732421875,25.552000045776367,26.51099967956543
2022-02-17,25.6299991607666,25.78499984741211,24.165000915527344,24.506999969482422
2022-02-18,24.667999267578125,24.986000061035156,23.100000381469727,23.642000198364258
2022-02-22,23.03499984741211,24.06399917602539,23.0,23.389999389648438
2022-02-23,23.802000045776367,24.155000686645508,22.301000595092773,22.386999130249023
2022-02-24,21.014999389648438,23.799999237060547,20.889999389648438,23.74799919128418
2022-02-25,23.72100067138672,24.216999053955078,23.381000518798828,24.156999588012695
2022-02-28,23.992000579833984,24.665000915527344,23.707000732421875,24.385000228881836
2022-03-01,24.291000366210938,24.37700080871582,23.131999969482422,23.476999282836914
2022-03-02,23.756000518798828,24.409000396728516,23.415000915527344,24.219999313354492
2022-03-03,24.261999130249023,24.326000213623047,23.4689998626709,23.714000701904297
2022-03-04,23.384000778198242,23.68000030517578,22.48200035095215,22.93600082397461
2022-03-07,22.816999435424805,23.033000946044922,21.329999923706055,21.351999282836914
2022-03-08,21.30900001525879,22.37299919128418,20.649999618530273,21.513999938964844
2022-03-09,22.386999130249023,23.219999313354492,22.246999740600586,23.013999938964844
2022-03-10,22.5310001373291,22.788000106811523,21.881999969482422,22.658000946044922
2022-03-11,23.02199935913086,23.145000457763672,22.04599952697754,22.100000381469727
2022-03-14,21.868999481201172,22.261999130249023,21.159000396728516,21.329999923706055
2022-03-15,21.51799964904785,23.038000106811523,21.32200050354004,22.972999572753906
2022-03-16,23.5,24.597000122070312,23.172000885009766,24.496000289916992
2022-03-17,24.1200008392334,24.841999053955078,23.9060001373291,24.766000747680664
2022-03-18,24.798999786376953,26.569000244140625,24.624000549316406,26.452999114990234
2022-03-21,26.506999969482422,27.152000427246094,25.966999053955078,26.733999252319336
2022-03-22,26.726999282836914,27.238000869750977,26.07200050354004,26.52400016784668
2022-03-23,26.125999450683594,26.61199951171875,25.575000762939453,25.634000778198242
2022-03-24,26.166000366210938,28.31999969482422,25.906999588012695,28.149999618530273
2022-03-25,27.88599967956543,28.357999801635742,27.270999908447266,27.691999435424805
2022-03-28,27.756000518798828,28.25,27.20599937438965,28.2189998626709
2022-03-29,28.69499969482422,28.945999145507812,27.979999542236328,28.6560001373291
2022-03-30,28.304000854492188,28.496000289916992,27.503000259399414,27.690000534057617
2022-03-31,27.781999588012695,28.24799919128418,27.270000457763672,27.285999298095703
2022-04-01,27.375,27.496000289916992,26.267000198364258,26.711999893188477
2022-04-04,26.72800064086914,27.558000564575195,26.613000869750977,27.360000610351562
2022-04-05,27.253999710083008,27.319000244140625,25.81999969482422,25.930999755859375
2022-04-06,24.93400001525879,25.299999237060547,24.003000259399414,24.406999588012695
2022-04-07,24.44099998474121,24.722000122070312,23.47800064086914,24.20800018310547
2022-04-08,23.91699981689453,23.92300033569336,23.062000274658203,23.118999481201172
2022-04-11,22.214000701904297,22.31999969482422,21.65999984741211,21.91699981689453
2022-04-12,22.53700065612793,22.725000381469727,21.281999588012695,21.503999710083008
2022-04-13,21.72800064086914,22.5,21.454999923706055,22.202999114990234
2022-04-14,22.5049991607666,22.777000427246094,21.163000106811523,21.257999420166016
2022-04-18,21.200000762939453,22.08799934387207,21.07900047302246,21.783000946044922
2022-04-19,21.719999313354492,22.37299919128418,21.31399917602539,22.197999954223633
2022-04-20,22.517000198364258,22.670000076293945,21.200000762939453,21.48200035095215
2022-04-21,21.708999633789062,22.392000198364258,20.0,20.183000564575195
2022-04-22,20.30299949645996,20.486000061035156,19.5,19.514999389648438
2022-04-25,19.20199966430664,19.94499969482422,19.09600067138672,19.902000427246094
2022-04-26,19.718000411987305,19.788000106811523,18.670000076293945,18.788000106811523
2022-04-27,18.597999572753906,19.16699981689453,18.290000915527344,18.415000915527344
2022-04-28,18.966999053955078,20.03700065612793,18.489999771118164,19.781999588012695
2022-04-29,19.402000427246094,20.128000259399414,18.517000198364258,18.547000885009766
2022-05-02,18.541000366210938,19.573999404907227,18.391000747680664,19.533000946044922
2022-05-03,19.399999618530273,19.825000762939453,19.132999420166016,19.601999282836914
2022-05-04,19.92300033569336,20.399999618530273,18.750999450683594,20.333999633789062
2022-05-05,19.867000579833984,19.924999237060547,18.5,18.8439998626709
2022-05-06,18.736000061035156,19.511999130249023,17.989999771118164,18.674999237060547
2022-05-09,18.034000396728516,18.2549991607666,16.82699966430664,16.950000762939453
2022-05-10,17.68899917602539,18.197999954223633,17.024999618530273,17.594999313354492
2022-05-11,17.347000122070312,17.753000259399414,16.56800079345703,16.6299991607666
2022-05-12,16.2189998626709,16.788000106811523,15.567000389099121,16.174999237060547
2022-05-13,16.788000106811523,17.92799949645996,16.593000411987305,17.70599937438965
2022-05-16,17.509000778198242,17.788000106811523,17.106000900268555,17.263999938964844
2022-05-17,18.073999404907227,18.371000289916992,17.634000778198242,18.177000045776367
2022-05-18,17.704999923706055,18.118000030517578,16.86400032043457,16.937999725341797
2022-05-19,16.937000274658203,17.687000274658203,16.733999252319336,17.124000549316406
2022-05-20,17.332000732421875,17.40999984741211,15.755000114440918,16.694000244140625
2022-05-23,16.27400016784668,16.915000915527344,16.179000854492188,16.898000717163086
2022-05-24,16.510000228881836,16.597000122070312,15.779999732971191,16.15399932861328
2022-05-25,16.020000457763672,17.111000061035156,16.0,16.975000381469727
2022-05-26,16.035999298095703,18.091999053955078,16.02199935913086,17.85099983215332
2022-05-27,18.18600082397461,18.881000518798828,18.100000381469727,18.81100082397461
2022-05-31,18.979999542236328,19.200000762939453,18.350000381469727,18.672000885009766
2022-06-01,18.724000930786133,19.05299949645996,18.121999740600586,18.31999969482422
2022-06-02,18.29199981689453,19.618999481201172,18.197999954223633,19.591999053955078
2022-06-03,19.082000732421875,19.332000732421875,18.52199935913086,18.719999313354492
2022-06-06,19.138999938964844,19.336999893188477,18.56399917602539,18.785999298095703
2022-06-07,18.472000122070312,19.0,18.187999725341797,18.926000595092773
2022-06-08,18.798999786376953,19.18000030517578,18.53499984741211,18.648000717163086
2022-06-09,18.481000900268555,18.933000564575195,18.041000366210938,18.04800033569336
2022-06-10,17.600000381469727,17.69700050354004,16.868999481201172,16.974000930786133
2022-06-13,16.0,16.312000274658203,15.605999946594238,15.647000312805176
2022-06-14,15.730999946594238,16.06599998474121,15.411999702453613,15.836000442504883
2022-06-15,16.094999313354492,16.868000030517578,15.925999641418457,16.527000427246094
2022-06-16,15.859999656677246,15.942000389099121,15.401000022888184,15.60099983215332
2022-06-17,15.64799976348877,15.994999885559082,15.32800006866455,15.880000114440918
2022-06-21,16.475000381469727,17.007999420166016,16.406999588012695,16.56599998474121
2022-06-22,16.22599983215332,16.66200065612793,16.18000030517578,16.360000610351562
2022-06-23,16.518999099731445,16.584999084472656,15.852999687194824,16.225000381469727
2022-06-24,16.5,17.139999389648438,16.309999465942383,17.125999450683594
2022-06-27,17.312000274658203,17.329999923706055,16.625999450683594,16.868999481201172
2022-06-28,16.899999618530273,17.20199966430664,15.944999694824219,15.982000350952148
2022-06-29,15.814000129699707,15.819999694824219,15.170000076293945,15.541999816894531
2022-06-30,15.361000061035156,15.567000389099121,14.862000465393066,15.159000396728516
2022-07-01,14.89900016784668,15.062999725341797,14.392000198364258,14.52299976348877
2022-07-05,14.175000190734863,14.970999717712402,14.055000305175781,14.96399974822998
2022-07-06,15.010000228881836,15.319000244140625,14.788999557495117,15.130000114440918
2022-07-07,15.456000328063965,15.944999694824219,15.388999938964844,15.857999801635742
2022-07-08,15.430000305175781,16.03700065612793,15.388999938964844,15.838000297546387
2022-07-11,15.526000022888184,15.527000427246094,15.038000106811523,15.152000427246094
2022-07-12,15.267999649047852,15.430999755859375,14.876999855041504,15.081999778747559
2022-07-13,14.59000015258789,15.375,14.46500015258789,15.163999557495117
2022-07-14,15.107999801635742,15.472999572753906,14.727999687194824,15.371999740600586
2022-07-15,15.659000396728516,15.781999588012695,15.444999694824219,15.76200008392334
2022-07-18,16.302000045776367,16.89699935913086,16.00200080871582,16.10099983215332
2022-07-19,16.486000061035156,17.110000610351562,16.172000885009766,16.992000579833984
2022-07-20,16.94700050354004,17.933000564575195,16.801000595092773,17.80699920654297
2022-07-21,17.885000228881836,18.143999099731445,17.545000076293945,18.049999237060547
2022-07-22,17.89299964904785,17.966999053955078,17.136999130249023,17.319000244140625
2022-07-25,17.018999099731445,17.124000549316406,16.64900016784668,17.02400016784668
2022-07-26,16.888999938964844,16.91900062561035,16.47800064086914,16.533000946044922
2022-07-27,17.031999588012695,17.93600082397461,16.913000106811523,17.790000915527344
2022-07-28,17.975000381469727,18.139999389648438,17.440000534057617,17.983999252319336
2022-07-29,17.812999725341797,18.243999481201172,17.691999435424805,18.163000106811523
2022-08-01,18.18199920654297,18.84600067138672,17.989999771118164,18.44099998474121
2022-08-02,18.121999740600586,18.937999725341797,18.091999053955078,18.525999069213867
2022-08-03,18.18400001525879,18.968000411987305,18.136999130249023,18.89299964904785
2022-08-04,18.849000930786133,19.27400016784668,18.760000228881836,19.21500015258789
2022-08-05,18.809999465942383,19.229000091552734,18.666000366210938,18.98900032043457
2022-08-08,17.50200080871582,18.23900032043457,17.242000579833984,17.792999267578125
2022-08-09,17.25200080871582,17.44700050354004,16.724000930786133,17.086000442504883
2022-08-10,17.697999954223633,18.118000030517578,17.316999435424805,18.097000122070312
2022-08-11,18.131000518798828,18.707000732421875,17.875999450683594,17.941999435424805
2022-08-12,18.15999984741211,18.718000411987305,17.952999114990234,18.708999633789062
2022-08-15,18.701000213623047,19.163999557495117,18.613000869750977,19.031999588012695
2022-08-16,18.920000076293945,19.142000198364258,18.500999450683594,18.878999710083008
2022-08-17,18.523000717163086,18.687999725341797,18.145000457763672,18.334999084472656
2022-08-18,18.301000595092773,18.864999771118164,18.183000564575195,18.773000717163086
2022-08-19,18.4060001373291,18.520000457763672,17.770000457763672,17.849000930786133
2022-08-22,17.489999771118164,17.558000564575195,16.965999603271484,17.034000396728516
2022-08-23,16.98900032043457,17.46500015258789,16.969999313354492,17.180999755859375
2022-08-24,17.011999130249023,17.4060001373291,16.895000457763672,17.222000122070312
2022-08-25,16.8439998626709,17.94700050354004,16.83300018310547,17.913000106811523
2022-08-26,17.85700035095215,17.923999786376953,16.23699951171875,16.260000228881836
2022-08-29,16.020000457763672,16.33799934387207,15.767000198364258,15.800999641418457
2022-08-30,15.960000038146973,16.038999557495117,15.182000160217285,15.468000411987305
2022-08-31,15.383999824523926,15.539999961853027,14.958999633789062,15.093999862670898
2022-09-01,14.208999633789062,14.380000114440918,13.270000457763672,13.937000274658203
2022-09-02,14.100000381469727,14.170999526977539,13.590999603271484,13.647000312805176
2022-09-06,13.730999946594238,13.779000282287598,13.35099983215332,13.46500015258789
2022-09-07,13.562999725341797,13.838000297546387,13.345999717712402,13.71399974822998
2022-09-08,13.458999633789062,14.008000373840332,13.369000434875488,13.989999771118164
2022-09-09,14.156999588012695,14.473999977111816,14.12600040435791,14.38700008392334
2022-09-12,14.369000434875488,14.54699993133545,14.197999954223633,14.505000114440918
2022-09-13,13.802000045776367,13.92199993133545,13.098999977111816,13.130999565124512
2022-09-14,13.253999710083008,13.289999961853027,12.913000106811523,13.128000259399414
2022-09-15,13.015000343322754,13.232999801635742,12.789999961853027,12.928999900817871
2022-09-16,12.741999626159668,13.211999893188477,12.616999626159668,13.197999954223633
2022-09-19,13.01200008392334,13.463000297546387,13.010000228881836,13.381999969482422
2022-09-20,13.21500015258789,13.482999801635742,13.057000160217285,13.175999641418457
2022-09-21,13.213000297546387,14.031000137329102,13.109999656677246,13.26099967956543
2022-09-22,13.069999694824219,13.14900016784668,12.428000450134277,12.560999870300293
2022-09-23,12.420000076293945,12.611000061035156,12.256999969482422,12.515999794006348
2022-09-26,12.491000175476074,12.659000396728516,12.21399974822998,12.227999687194824
2022-09-27,12.506999969482422,12.736000061035156,12.258000373840332,12.413000106811523
2022-09-28,12.40999984741211,12.822999954223633,12.354000091552734,12.736000061035156
2022-09-29,12.447999954223633,12.5,11.946000099182129,12.220000267028809
2022-09-30,12.086999893188477,12.633000373840332,12.074999809265137,12.138999938964844
2022-10-03,12.347000122070312,12.678000450134277,12.104999542236328,12.51200008392334
2022-10-04,12.878999710083008,13.220000267028809,12.878999710083008,13.166999816894531
2022-10-05,12.91100025177002,13.321000099182129,12.621000289916992,13.208999633789062
2022-10-06,13.220000267028809,13.656000137329102,13.102999687194824,13.130000114440918
2022-10-07,12.505000114440918,12.670000076293945,12.022000312805176,12.076000213623047
2022-10-10,12.036999702453613,12.12399959564209,11.407999992370605,11.670000076293945
2022-10-11,11.560999870300293,11.845999717712402,11.282999992370605,11.586000442504883
2022-10-12,11.579000473022461,11.734999656677246,11.345000267028809,11.5
2022-10-13,10.970999717712402,12.07800006866455,10.812999725341797,11.960000038146973
2022-10-14,12.057000160217285,12.111000061035156,11.204000473022461,11.22700023651123
2022-10-17,11.517999649047852,11.947999954223633,11.517000198364258,11.887999534606934
2022-10-18,12.343999862670898,12.491999626159668,11.618000030517578,11.967000007629395
2022-10-19,11.878999710083008,12.350000381469727,11.833999633789062,12.050999641418457
2022-10-20,12.11299991607666,12.769000053405762,12.104999542236328,12.194000244140625
2022-10-21,12.097999572753906,12.498000144958496,11.88700008392334,12.465999603271484
2022-10-24,12.508000373840332,12.710000038146973,12.064000129699707,12.598999977111816
2022-10-25,12.694000244140625,13.300000190734863,12.663999557495117,13.26099967956543
2022-10-26,12.869000434875488,13.387999534606934,12.708000183105469,12.895999908447266
2022-10-27,13.630000114440918,13.838000297546387,13.121999740600586,13.175999641418457
2022-10-28,13.104000091552734,13.850000381469727,13.060999870300293,13.833999633789062
2022-10-31,13.777999877929688,13.838000297546387,13.29699993133545,13.496999740600586
2022-11-01,13.810999870300293,13.925000190734863,13.519000053405762,13.543000221252441
2022-11-02,13.850000381469727,14.210000038146973,13.211000442504883,13.218999862670898
2022-11-03,13.043000221252441,13.781000137329102,12.956000328063965,13.420999526977539
2022-11-04,13.986000061035156,14.229000091552734,13.696999549865723,14.156000137329102
2022-11-07,14.227999687194824,14.411999702453613,13.954000473022461,14.300999641418457
2022-11-08,14.800999641418457,14.890999794006348,14.215999603271484,14.60200023651123
2022-11-09,14.161999702453613,14.211000442504883,13.758999824523926,13.776000022888184
2022-11-10,14.800000190734863,15.77299976348877,14.54699993133545,15.75
2022-11-11,15.807000160217285,16.388999938964844,15.482000350952148,16.32699966430664
2022-11-14,16.218000411987305,16.540000915527344,15.92199993133545,16.295000076293945
2022-11-15,16.722000122070312,16.99799919128418,16.381999969482422,16.666000366210938
2022-11-16,16.16200065612793,16.36199951171875,15.873000144958496,15.90999984741211
2022-11-17,15.71500015258789,16.266000747680664,15.53499984741211,15.677000045776367
2022-11-18,15.965999603271484,16.00200080871582,15.119999885559082,15.409000396728516
2022-11-21,15.147000312805176,15.47700023651123,15.079999923706055,15.317000389099121
2022-11-22,15.32800006866455,16.058000564575195,15.121999740600586,16.038000106811523
2022-11-23,16.097999572753906,16.527000427246094,16.04800033569336,16.518999099731445
2022-11-25,16.31800079345703,16.48699951171875,16.172000885009766,16.270000457763672
2022-11-28,16.025999069213867,16.35700035095215,15.725000381469727,15.82699966430664
2022-11-29,15.82699966430664,15.932000160217285,15.520000457763672,15.638999938964844
2022-11-30,15.696999549865723,16.93000030517578,15.597000122070312,16.92300033569336
2022-12-01,16.999000549316406,17.264999389648438,16.635000228881836,17.135000228881836
2022-12-02,16.659000396728516,16.933000564575195,16.44499969482422,16.875999450683594
2022-12-05,16.679000854492188,16.9950008392334,16.472000122070312,16.610000610351562
2022-12-06,16.530000686645508,16.572999954223633,15.819000244140625,15.987000465393066
2022-12-07,15.772000312805176,16.18600082397461,15.666999816894531,16.1200008392334
2022-12-08,16.273000717163086,17.179000854492188,15.958999633789062,17.16900062561035
2022-12-09,17.15999984741211,17.58300018310547,16.975000381469727,17.000999450683594
2022-12-12,17.03700065612793,17.538000106811523,16.797000885009766,17.53499984741211
2022-12-13,18.5310001373291,18.790000915527344,17.711000442504883,18.07200050354004
2022-12-14,17.98699951171875,18.25200080871582,17.420000076293945,17.673999786376953
2022-12-15,17.145999908447266,17.31999969482422,16.700000762939453,16.95199966430664
2022-12-16,16.86400032043457,17.041000366210938,16.40999984741211,16.570999145507812
2022-12-19,16.57200050354004,16.608999252319336,16.145000457763672,16.253999710083008
2022-12-20,16.06399917602539,16.309999465942383,15.85200023651123,16.084999084472656
2022-12-21,16.11400032043457,16.62700080871582,16.101999282836914,16.500999450683594
2022-12-22,16.0939998626709,16.13800048828125,14.881999969482422,15.33899974822998
2022-12-23,15.196000099182129,15.33899974822998,14.883000373840332,15.206000328063965
2022-12-27,15.074000358581543,15.100000381469727,14.055999755859375,14.121000289916992
2022-12-28,13.927000045776367,14.26200008392334,13.883999824523926,14.03600025177002
2022-12-29,14.402000427246094,14.682999610900879,14.22700023651123,14.602999687194824
2022-12-30,14.333999633789062,14.628999710083008,14.232999801635742,14.61400032043457
2023-01-03,14.85099983215332,14.996000289916992,14.095999717712402,14.3149995803833
2023-01-04,14.567000389099121,14.852999687194824,14.241000175476074,14.74899959564209
2023-01-05,14.491000175476074,14.564000129699707,14.14799976348877,14.265000343322754
2023-01-06,14.473999977111816,15.010000228881836,14.034000396728516,14.859000205993652
2023-01-09,15.284000396728516,16.055999755859375,15.140999794006348,15.628000259399414
2023-01-10,15.506999969482422,15.961999893188477,15.472000122070312,15.909000396728516
2023-01-11,15.84000015258789,16.027999877929688,15.562999725341797,16.000999450683594
2023-01-12,16.100000381469727,16.636999130249023,15.491999626159668,16.51099967956543
2023-01-13,16.277999877929688,16.922000885009766,16.165000915527344,16.89900016784668
2023-01-17,16.89900016784668,17.72800064086914,16.89900016784668,17.70199966430664
2023-01-18,17.66699981689453,17.87299919128418,17.281999588012695,17.37700080871582
2023-01-19,17.035999298095703,17.19700050354004,16.731000900268555,16.764999389648438
2023-01-20,17.01099967956543,17.856000900268555,16.825000762939453,17.839000701904297
2023-01-23,18.06399917602539,19.2450008392334,17.81800079345703,19.19300079345703
2023-01-24,18.82699966430664,19.4950008392334,18.81999969482422,19.264999389648438
2023-01-25,18.913000106811523,19.3700008392334,18.579999923706055,19.322999954223633
2023-01-26,19.701000213623047,20.166000366210938,19.277999877929688,19.802000045776367
2023-01-27,19.461999893188477,20.628000259399414,19.405000686645508,20.364999771118164
2023-01-30,19.950000762939453,20.139999389648438,19.149999618530273,19.16200065612793
2023-01-31,19.170000076293945,19.687000274658203,18.950000762939453,19.53700065612793
2023-02-01,19.69099998474121,21.191999435424805,19.611000061035156,20.94300079345703
2023-02-02,21.0,21.948999404907227,20.700000762939453,21.708999633789062
2023-02-03,21.0,21.7450008392334,20.788999557495117,21.100000381469727
2023-02-06,20.805999755859375,21.56999969482422,20.785999298095703,21.089000701904297
2023-02-07,21.381999969482422,22.259000778198242,21.149999618530273,22.17300033569336
2023-02-08,22.386999130249023,22.878000259399414,22.007999420166016,22.204999923706055
2023-02-09,22.606000900268555,23.020000457763672,22.1200008392334,22.336999893188477
2023-02-10,21.690000534057617,22.077999114990234,20.81100082397461,21.264999389648438
2023-02-13,21.538000106811523,22.04800033569336,20.961999893188477,21.788000106811523
2023-02-14,21.577999114990234,23.048999786376953,21.365999221801758,22.97100067138672
2023-02-15,22.548999786376953,22.854999542236328,22.106000900268555,22.763999938964844
2023-02-16,22.132999420166016,22.549999237060547,21.927000045776367,22.00200080871582
2023-02-17,21.631000518798828,21.739999771118164,20.975000381469727,21.38800048828125
2023-02-21,21.0,21.493999481201172,20.618000030517578,20.655000686645508
2023-02-22,20.707000732421875,21.104000091552734,20.42099952697754,20.753999710083008
2023-02-23,23.440000534057617,23.88800048828125,23.024999618530273,23.663999557495117
2023-02-24,23.225000381469727,23.474000930786133,22.94700050354004,23.285999298095703
2023-02-27,23.670000076293945,23.8799991607666,23.45400047302246,23.500999450683594
2023-02-28,23.371999740600586,23.825000762939453,23.20599937438965,23.215999603271484
2023-03-01,23.191999435424805,23.256000518798828,22.507999420166016,22.697999954223633
2023-03-02,22.488000869750977,23.3799991607666,22.43199920654297,23.31399917602539
2023-03-03,23.31999969482422,23.899999618530273,23.1299991607666,23.889999389648438
2023-03-06,23.891000747680664,24.24799919128418,23.48699951171875,23.554000854492188
2023-03-07,23.600000381469727,24.125,23.240999221801758,23.288000106811523
2023-03-08,23.48699951171875,24.200000762939453,23.423999786376953,24.180999755859375
2023-03-09,24.174999237060547,24.45400047302246,23.382999420166016,23.43600082397461
2023-03-10,23.409000396728516,23.62700080871582,22.72599983215332,22.96500015258789
2023-03-13,22.75200080871582,23.29800033569336,22.297000885009766,22.965999603271484
2023-03-14,23.496000289916992,24.2189998626709,23.459999084472656,24.062999725341797
2023-03-15,23.76099967956543,24.285999298095703,23.360000610351562,24.22800064086914
2023-03-16,24.027000427246094,25.58799934387207,23.893999099731445,25.541000366210938
2023-03-17,25.98200035095215,26.39900016784668,25.667999267578125,25.725000381469727
2023-03-20,25.614999771118164,26.02400016784668,25.1299991607666,25.899999618530273
2023-03-21,26.18000030517578,26.392000198364258,25.381000518798828,26.198999404907227
2023-03-22,26.424999237060547,27.589000701904297,26.23699951171875,26.468000411987305
2023-03-23,27.114999771118164,27.499000549316406,26.690000534057617,27.19099998474121
2023-03-24,27.0310001373291,27.16699981689453,26.354999542236328,26.77899932861328
2023-03-27,26.836999893188477,27.0,26.364999771118164,26.5310001373291
2023-03-28,26.44700050354004,26.51300048828125,25.850000381469727,26.40999984741211
2023-03-29,26.825000762939453,27.077999114990234,26.597000122070312,26.983999252319336
2023-03-30,27.229000091552734,27.499000549316406,27.101999282836914,27.382999420166016
2023-03-31,27.139999389648438,27.833999633789062,27.104999542236328,27.777000427246094
2023-04-03,27.509000778198242,28.0,27.336000442504883,27.96500015258789
2023-04-04,27.965999603271484,28.0,27.30699920654297,27.452999114990234
2023-04-05,26.82900047302246,26.99799919128418,26.395000457763672,26.881000518798828
2023-04-06,26.583999633789062,27.079999923706055,26.427000045776367,27.03700065612793
2023-04-10,26.822999954223633,27.621000289916992,26.66900062561035,27.57900047302246
2023-04-11,27.724000930786133,27.790000915527344,27.125999450683594,27.16900062561035
2023-04-12,27.3700008392334,27.468000411987305,26.447999954223633,26.4950008392334
2023-04-13,26.733999252319336,26.886999130249023,26.32900047302246,26.46299934387207
2023-04-14,26.503999710083008,26.882999420166016,26.219999313354492,26.757999420166016
2023-04-17,26.565000534057617,27.006000518798828,26.433000564575195,27.00200080871582
2023-04-18,27.533000946044922,28.110000610351562,27.35700035095215,27.66699981689453
2023-04-19,27.361000061035156,28.0,27.23200035095215,27.930999755859375
2023-04-20,27.67099952697754,28.030000686645508,27.0,27.104000091552734
2023-04-21,26.95199966430664,27.183000564575195,26.722000122070312,27.118999481201172
2023-04-24,27.01300048828125,27.365999221801758,26.67099952697754,27.04199981689453
2023-04-25,27.077999114990234,27.246999740600586,26.225000381469727,26.240999221801758
2023-04-26,27.00200080871582,27.329999923706055,26.704999923706055,26.95599937438965
2023-04-27,27.363000869750977,27.4950008392334,26.625,27.22599983215332
2023-04-28,27.225000381469727,27.757999420166016,27.070999145507812,27.749000549316406
2023-05-01,27.84000015258789,29.058000564575195,27.780000686645508,28.90999984741211
2023-05-02,28.68000030517578,28.836000442504883,28.08300018310547,28.209999084472656
2023-05-03,27.84000015258789,28.367000579833984,27.472000122070312,27.802000045776367
2023-05-04,27.650999069213867,27.858999252319336,27.239999771118164,27.562000274658203
2023-05-05,27.826000213623047,28.7549991607666,27.731000900268555,28.68000030517578
2023-05-08,28.52199935913086,29.219999313354492,28.350000381469727,29.150999069213867
2023-05-09,28.89900016784668,28.972999572753906,28.450000762939453,28.570999145507812
2023-05-10,29.0049991607666,29.113000869750977,28.461000442504883,28.885000228881836
2023-05-11,28.895999908447266,28.950000762939453,28.246000289916992,28.577999114990234
2023-05-12,28.52899932861328,28.780000686645508,28.04599952697754,28.34000015258789
2023-05-15,28.507999420166016,28.9689998626709,28.152000427246094,28.952999114990234
2023-05-16,28.840999603271484,29.8700008392334,28.832000732421875,29.21299934387207
2023-05-17,29.583999633789062,30.198999404907227,29.43000030517578,30.17799949645996
2023-05-18,30.40999984741211,31.827999114990234,30.31999969482422,31.67799949645996
2023-05-19,31.535999298095703,31.579999923706055,30.916000366210938,31.263999938964844
2023-05-22,30.900999069213867,31.520000457763672,30.68000030517578,31.176000595092773
2023-05-23,31.0,31.288000106811523,30.631000518798828,30.687999725341797
2023-05-24,30.209999084472656,30.60700035095215,29.805999755859375,30.538000106811523
2023-05-25,38.52299880981445,39.47999954223633,36.6349983215332,37.97999954223633
2023-05-26,37.88999938964844,39.16999816894531,37.54999923706055,38.94599914550781
2023-05-30,40.595001220703125,41.9379997253418,39.94900131225586,40.111000061035156
2023-05-31,39.487998962402344,40.29499816894531,37.821998596191406,37.83399963378906
2023-06-01,38.48899841308594,40.04999923706055,38.34000015258789,39.77000045776367
2023-06-02,40.09700012207031,40.5,39.05799865722656,39.32699966430664
2023-06-05,38.909000396728516,39.564998626708984,38.707000732421875,39.17100143432617
2023-06-06,38.83000183105469,39.15999984741211,38.14799880981445,38.65399932861328
2023-06-07,38.915000915527344,39.499000549316406,37.35599899291992,37.474998474121094
2023-06-08,37.7239990234375,38.86399841308594,37.505001068115234,38.5099983215332
2023-06-09,39.0369987487793,39.71099853515625,38.56700134277344,38.77000045776367
2023-06-12,39.20000076293945,39.529998779296875,38.61800003051758,39.481998443603516
2023-06-13,40.18600082397461,41.10100173950195,39.7400016784668,41.02199935913086
2023-06-14,40.82400131225586,43.0,40.551998138427734,42.99700164794922
2023-06-15,42.60200119018555,43.28900146484375,42.14699935913086,42.65299987792969
2023-06-16,43.45000076293945,43.72100067138672,42.6609992980957,42.69200134277344
2023-06-20,42.99800109863281,43.9900016784668,42.67399978637695,43.80799865722656
2023-06-21,43.500999450683594,43.6150016784668,42.08000183105469,43.04499816894531
2023-06-22,42.25299835205078,43.42599868774414,42.23400115966797,43.025001525878906
2023-06-23,42.4640007019043,42.808998107910156,42.01499938964844,42.20899963378906
2023-06-26,42.46099853515625,42.763999938964844,40.099998474121094,40.63199996948242
2023-06-27,40.79899978637695,41.939998626708984,40.448001861572266,41.875999450683594
2023-06-28,40.65999984741211,41.845001220703125,40.518001556396484,41.117000579833984
2023-06-29,41.55799865722656,41.599998474121094,40.599998474121094,40.821998596191406
2023-06-30,41.68000030517578,42.54999923706055,41.500999450683594,42.301998138427734
2023-07-03,42.516998291015625,42.89799880981445,42.20199966430664,42.41299819946289
2023-07-05,42.1349983215332,43.176998138427734,42.084999084472656,42.31700134277344
2023-07-06,41.84400177001953,42.17900085449219,41.34600067138672,42.10300064086914
2023-07-07,42.321998596191406,43.2140007019043,42.18000030517578,42.50299835205078
2023-07-10,42.65700149536133,42.81100082397461,41.64899826049805,42.18000030517578
2023-07-11,42.48099899291992,42.757999420166016,42.06700134277344,42.404998779296875
2023-07-12,43.03300094604492,43.935001373291016,42.777000427246094,43.902000427246094
2023-07-13,44.518001556396484,46.154998779296875,44.492000579833984,45.97700119018555
2023-07-14,46.58300018310547,48.0880012512207,45.060001373291016,45.46900177001953
2023-07-17,46.28900146484375,46.49599838256836,45.262001037597656,46.46099853515625
2023-07-18,46.70100021362305,47.895999908447266,45.73400115966797,47.49399948120117
2023-07-19,47.4640007019043,47.81800079345703,46.742000579833984,47.07699966430664
2023-07-20,46.50699996948242,47.08700180053711,45.0620002746582,45.52000045776367
2023-07-21,45.78799819946289,45.86600112915039,44.099998474121094,44.308998107910156
2023-07-24,44.73099899291992,45.10900115966797,44.040000915527344,44.61199951171875
2023-07-25,44.941001892089844,46.18299865722656,44.92300033569336,45.67900085449219
2023-07-26,46.020999908447266,46.053001403808594,44.630001068115234,45.45199966430664
2023-07-27,46.51900100708008,47.39500045776367,45.75,45.900001525878906
2023-07-28,46.667999267578125,47.027000427246094,46.38100051879883,46.75
2023-07-31,46.75400161743164,47.130001068115234,46.50600051879883,46.729000091552734
2023-08-01,46.459999084472656,46.900001525878906,46.027000427246094,46.50699996948242
2023-08-02,45.83100128173828,45.84000015258789,43.387001037597656,44.26900100708008
2023-08-03,43.79999923706055,45.11800003051758,43.79999923706055,44.51499938964844
2023-08-04,44.98500061035156,45.641998291015625,44.393001556396484,44.68000030517578
2023-08-07,45.111000061035156,45.540000915527344,44.5629997253418,45.41699981689453
2023-08-08,44.85300064086914,45.242000579833984,44.055999755859375,44.66400146484375
2023-08-09,44.27399826049805,44.3120002746582,42.13399887084961,42.55400085449219
2023-08-10,42.15999984741211,43.57400131225586,41.834999084472656,42.38800048828125
2023-08-11,41.750999450683594,42.018001556396484,40.638999938964844,40.85499954223633
2023-08-14,40.486000061035156,43.79999923706055,40.31100082397461,43.75299835205078
2023-08-15,44.560001373291016,45.268001556396484,43.709999084472656,43.939998626708984
2023-08-16,44.52000045776367,44.67499923706055,43.40599822998047,43.486000061035156
2023-08-17,43.970001220703125,44.0620002746582,43.000999450683594,43.34400177001953
2023-08-18,42.6349983215332,43.577999114990234,41.65999984741211,43.29899978637695
2023-08-21,44.49399948120117,47.064998626708984,44.22200012207031,46.96699905395508
2023-08-22,48.1349983215332,48.1870002746582,45.33300018310547,45.667999267578125
2023-08-23,45.86600112915039,47.20000076293945,45.20800018310547,47.11600112915039
2023-08-24,50.215999603271484,50.26599884033203,47.159000396728516,47.16299819946289
2023-08-25,47.012001037597656,47.80500030517578,45.02399826049805,46.018001556396484
2023-08-28,46.481998443603516,46.97999954223633,44.88800048828125,46.834999084472656
2023-08-29,46.66600036621094,49.08100128173828,46.39099884033203,48.784000396728516
2023-08-30,49.04399871826172,49.926998138427734,48.42499923706055,49.263999938964844
2023-08-31,49.380001068115234,49.74399948120117,48.95800018310547,49.35499954223633
2023-09-01,49.762001037597656,49.79999923706055,48.141998291015625,48.50899887084961
2023-09-05,48.222999572753906,48.85100173950195,47.86000061035156,48.54800033569336
2023-09-06,48.441001892089844,48.54899978637695,46.58000183105469,47.06100082397461
2023-09-07,45.525001525878906,46.34400177001953,45.152000427246094,46.24100112915039
2023-09-08,45.94200134277344,46.60599899291992,45.270999908447266,45.571998596191406
2023-09-11,46.14799880981445,46.16299819946289,44.3120002746582,45.178001403808594
2023-09-12,44.737998962402344,45.67300033569336,44.53099822998047,44.869998931884766
2023-09-13,44.599998474121094,45.93000030517578,44.50299835205078,45.48500061035156
2023-09-14,45.95000076293945,45.98699951171875,45.13100051879883,45.58100128173828
2023-09-15,45.340999603271484,45.5989990234375,43.80799865722656,43.900001525878906
2023-09-18,42.74800109863281,44.242000579833984,42.0,43.965999603271484
2023-09-19,43.83300018310547,43.965999603271484,43.00199890136719,43.52000045776367
2023-09-20,43.599998474121094,43.90299987792969,42.222999572753906,42.23899841308594
2023-09-21,41.58300018310547,42.099998474121094,40.97999954223633,41.016998291015625
2023-09-22,41.571998596191406,42.1150016784668,41.23099899291992,41.61000061035156
2023-09-25,41.590999603271484,42.5359992980957,41.176998138427734,42.22200012207031
2023-09-26,42.000999450683594,42.81999969482422,41.654998779296875,41.9109992980957
2023-09-27,42.33000183105469,42.87200164794922,41.62900161743164,42.46799850463867
2023-09-28,42.459999084472656,43.44599914550781,42.1150016784668,43.0890007019043
2023-09-29,43.82699966430664,44.14400100708008,43.30699920654297,43.499000549316406
2023-10-02,44.029998779296875,45.17499923706055,43.861000061035156,44.78200149536133
2023-10-03,44.80799865722656,45.130001068115234,43.24599838256836,43.516998291015625
2023-10-04,43.742000579833984,44.143001556396484,43.29199981689453,44.04100036621094
2023-10-05,44.04999923706055,44.900001525878906,43.88800048828125,44.6879997253418
2023-10-06,44.19300079345703,45.78900146484375,44.0260009765625,45.762001037597656
2023-10-09,44.84199905395508,45.60499954223633,44.36800003051758,45.27299880981445
2023-10-10,45.310001373291016,46.25899887084961,45.0880012512207,45.79800033569336
2023-10-11,46.19599914550781,46.85900115966797,46.04999923706055,46.805999755859375
2023-10-12,46.777000427246094,47.60900115966797,46.33000183105469,46.94499969482422
2023-10-13,46.959999084472656,47.11600112915039,45.279998779296875,45.46099853515625
2023-10-16,45.0629997253418,46.224998474121094,44.9119987487793,46.095001220703125
2023-10-17,44.0,44.75400161743164,42.47999954223633,43.9379997253418
2023-10-18,42.590999603271484,43.21900177001953,41.82500076293945,42.19599914550781
2023-10-19,42.81100082397461,43.297000885009766,41.88199996948242,42.10100173950195
2023-10-20,41.88999938964844,42.470001220703125,41.077999114990234,41.387001037597656
2023-10-23,41.229000091552734,43.24800109863281,40.94499969482422,42.974998474121094
2023-10-24,43.07699966430664,43.696998596191406,42.691001892089844,43.66299819946289
2023-10-25,43.39799880981445,43.650001525878906,41.55500030517578,41.77899932861328
2023-10-26,41.85300064086914,42.25600051879883,39.880001068115234,40.32600021362305
2023-10-27,41.130001068115234,41.20600128173828,40.01499938964844,40.5
2023-10-30,41.08700180053711,41.76599884033203,40.48099899291992,41.1609992980957
2023-10-31,40.45000076293945,40.87900161743164,39.22999954223633,40.779998779296875
2023-11-01,40.88399887084961,42.38100051879883,40.86899948120117,42.32500076293945
2023-11-02,43.327999114990234,43.88399887084961,42.89400100708008,43.50600051879883
2023-11-03,44.02000045776367,45.308998107910156,43.722999572753906,45.005001068115234
2023-11-06,45.28499984741211,45.935001373291016,44.89899826049805,45.750999450683594
2023-11-07,45.71900177001953,46.21799850463867,45.15800094604492,45.95500183105469
2023-11-08,46.099998474121094,46.867000579833984,45.96799850463867,46.57400131225586
2023-11-09,47.46699905395508,48.22999954223633,46.75,46.95000076293945
2023-11-10,47.5,48.47200012207031,47.28300094604492,48.334999084472656
2023-11-13,48.31999969482422,49.11600112915039,48.0989990234375,48.619998931884766
2023-11-14,49.68000030517578,49.83399963378906,49.040000915527344,49.65599822998047
2023-11-15,49.935001373291016,49.959999084472656,48.20000076293945,48.88800048828125
2023-11-16,48.67900085449219,49.525001525878906,48.33000183105469,49.47999954223633
2023-11-17,49.52399826049805,49.71699905395508,49.00699996948242,49.29800033569336
2023-11-20,49.3120002746582,50.54800033569336,49.180999755859375,50.409000396728516
2023-11-21,50.125999450683594,50.516998291015625,49.22200012207031,49.944000244140625
2023-11-22,49.85200119018555,50.334999084472656,47.689998626708984,48.715999603271484
2023-11-24,48.470001220703125,48.92100143432617,47.744998931884766,47.7760009765625
2023-11-27,47.79999923706055,48.529998779296875,47.652000427246094,48.242000579833984
2023-11-28,48.236000061035156,48.323001861572266,47.472999572753906,47.82099914550781
2023-11-29,48.37900161743164,48.762001037597656,47.86000061035156,48.13999938964844
2023-11-30,48.02399826049805,48.11000061035156,46.422000885009766,46.77000045776367
2023-12-01,46.525001525878906,47.20000076293945,46.1870002746582,46.76499938964844
2023-12-04,46.07699966430664,46.07699966430664,45.0099983215332,45.5099983215332
2023-12-05,45.465999603271484,46.599998474121094,45.270999908447266,46.566001892089844
2023-12-06,47.21500015258789,47.387001037597656,45.4119987487793,45.50299835205078
2023-12-07,45.70000076293945,46.62900161743164,45.604000091552734,46.59600067138672
2023-12-08,46.595001220703125,47.74100112915039,46.54999923706055,47.50600051879883
2023-12-11,47.49100112915039,47.53099822998047,45.83000183105469,46.62699890136719
2023-12-12,46.04600143432617,47.66600036621094,46.04600143432617,47.65700149536133
2023-12-13,47.62900161743164,48.59400177001953,47.608001708984375,48.0880012512207
2023-12-14,48.38999938964844,48.66999816894531,47.422000885009766,48.349998474121094
2023-12-15,48.194000244140625,49.40399932861328,48.119998931884766,48.88999938964844
2023-12-18,49.400001525878906,50.43299865722656,49.150001525878906,50.07699966430664
2023-12-19,49.42399978637695,49.70000076293945,48.89500045776367,49.604000091552734
2023-12-20,49.654998779296875,49.999000549316406,48.097999572753906,48.111000061035156
2023-12-21,48.81100082397461,49.095001220703125,48.41899871826172,48.9900016784668
2023-12-22,49.19499969482422,49.382999420166016,48.46699905395508,48.83000183105469
2023-12-26,48.96799850463867,49.599998474121094,48.959999084472656,49.27899932861328
2023-12-27,49.51100158691406,49.68000030517578,49.084999084472656,49.41699981689453
2023-12-28,49.643001556396484,49.88399887084961,49.4119987487793,49.52199935913086
2023-12-29,49.8129997253418,49.99700164794922,48.750999450683594,49.52199935913086
2024-01-02,49.24399948120117,49.29499816894531,47.595001220703125,48.167999267578125
2024-01-03,47.48500061035156,48.183998107910156,47.31999969482422,47.569000244140625
2024-01-04,47.766998291015625,48.5,47.507999420166016,47.99800109863281
2024-01-05,48.46200180053711,49.547000885009766,48.305999755859375,49.09700012207031
2024-01-08,49.512001037597656,52.275001525878906,49.479000091552734,52.25299835205078
2024-01-09,52.4010009765625,54.32500076293945,51.689998626708984,53.13999938964844
2024-01-10,53.61600112915039,54.599998474121094,53.48899841308594,54.349998474121094
2024-01-11,54.999000549316406,55.34600067138672,53.560001373291016,54.821998596191406
2024-01-12,54.619998931884766,54.970001220703125,54.33000183105469,54.709999084472656
2024-01-16,55.018001556396484,56.834999084472656,54.900001525878906,56.38199996948242
2024-01-17,56.34700012207031,56.47100067138672,54.7400016784668,56.053001403808594
2024-01-18,57.2599983215332,57.599998474121094,56.106998443603516,57.106998443603516
2024-01-19,57.98899841308594,59.5,57.224998474121094,59.49100112915039
2024-01-22,60.04899978637695,60.33100128173828,59.06999969482422,59.65399932861328
2024-01-23,59.56999969482422,59.90999984741211,58.584999084472656,59.87300109863281
2024-01-24,60.30400085449219,62.8489990234375,59.9379997253418,61.36199951171875
2024-01-25,62.349998474121094,62.71900177001953,60.849998474121094,61.617000579833984
2024-01-26,60.959999084472656,61.78300094604492,60.573001861572266,61.03099822998047
2024-01-29,61.231998443603516,62.48899841308594,60.90700149536133,62.46500015258789
2024-01-30,62.900001525878906,63.49300003051758,62.2599983215332,62.77399826049805
2024-01-31,61.439998626708984,62.26900100708008,60.70000076293945,61.527000427246094
2024-02-01,62.099998474121094,63.191001892089844,61.650001525878906,63.027000427246094
2024-02-02,63.9739990234375,66.5999984741211,63.689998626708984,66.16000366210938
2024-02-05,68.2249984741211,69.49700164794922,67.20500183105469,69.33200073242188
2024-02-06,69.62999725341797,69.75399780273438,66.30000305175781,68.2229995727539
2024-02-07,68.31900024414062,70.22000122070312,67.5999984741211,70.0989990234375
2024-02-08,70.0739974975586,70.79399871826172,69.45500183105469,69.64099884033203
2024-02-09,70.53299713134766,72.18499755859375,70.21199798583984,72.13300323486328
2024-02-12,72.5999984741211,74.61100006103516,71.25,72.24800109863281
2024-02-13,70.4000015258789,73.44999694824219,69.62000274658203,72.12799835205078
2024-02-14,73.2020034790039,74.23600006103516,71.93800354003906,73.9000015258789
2024-02-15,73.86900329589844,73.9749984741211,72.4000015258789,72.65799713134766
2024-02-16,74.0999984741211,74.4020004272461,72.5009994506836,72.61299896240234
2024-02-20,71.9469985961914,71.95600128173828,67.73400115966797,69.4520034790039
2024-02-21,68.00599670410156,68.88800048828125,66.24800109863281,67.47200012207031
2024-02-22,75.0250015258789,78.57499694824219,74.22000122070312,78.53800201416016
2024-02-23,80.79000091552734,82.39399719238281,77.56999969482422,78.81700134277344
2024-02-26,79.69999694824219,80.64600372314453,78.50499725341797,79.09200286865234
2024-02-27,79.38099670410156,79.4800033569336,77.16200256347656,78.70099639892578
2024-02-28,77.62000274658203,78.93299865722656,77.125,77.66300201416016
2024-02-29,79.09400177001953,79.98999786376953,78.3499984741211,79.11199951171875
2024-03-01,80.0,82.30000305175781,79.43499755859375,82.27899932861328
2024-03-04,84.12999725341797,87.69499969482422,83.71900177001953,85.23699951171875
2024-03-05,85.2699966430664,86.09700012207031,83.41699981689453,85.96399688720703
2024-03-06,88.02200317382812,89.7239990234375,87.02999877929688,88.69999694824219
2024-03-07,90.15799713134766,92.76699829101562,89.60199737548828,92.66899871826172
2024-03-08,95.13800048828125,97.4000015258789,86.50599670410156,87.52799987792969
2024-03-11,86.42900085449219,88.7969970703125,84.16600036621094,85.77400207519531
2024-03-12,88.04900360107422,91.95999908447266,86.1500015258789,91.91300201416016
2024-03-13,91.05500030517578,91.50399780273438,88.43499755859375,90.88800048828125
2024-03-14,89.5770034790039,90.64600372314453,86.5999984741211,87.94400024414062
2024-03-15,86.93000030517578,89.5459976196289,86.25700378417969,87.83699798583984
2024-03-18,90.38800048828125,92.40499877929688,87.08499908447266,88.45500183105469
2024-03-19,86.69999694824219,90.54399871826172,85.01000213623047,89.39800262451172
2024-03-20,89.7969970703125,90.41000366210938,88.2229995727539,90.37200164794922
2024-03-21,92.30000305175781,92.64800262451172,90.40499877929688,91.43499755859375
2024-03-22,91.14099884033203,94.77799987792969,90.83399963378906,94.28900146484375
2024-03-25,93.94100189208984,96.76599884033203,93.51000213623047,95.00199890136719
2024-03-26,95.85099792480469,96.375,92.50199890136719,92.56099700927734
2024-03-27,93.11199951171875,93.23999786376953,89.12300109863281,90.25
2024-03-28,90.0,91.30000305175781,89.19300079345703,90.35600280761719
2024-04-01,90.29900360107422,92.2249984741211,89.2040023803711,90.36299896240234
2024-04-02,88.447998046875,90.09400177001953,87.62000274658203,89.4520034790039
2024-04-03,88.48400115966797,90.3740005493164,88.4000015258789,88.96399688720703
2024-04-04,90.40599822998047,90.63400268554688,85.87999725341797,85.90499877929688
2024-04-05,86.86599731445312,88.48100280761719,85.9260025024414,88.00800323486328
2024-04-08,88.69999694824219,88.83000183105469,86.73200225830078,87.13300323486328
2024-04-09,87.44200134277344,87.63500213623047,83.02200317382812,85.35399627685547
2024-04-10,83.9260025024414,87.4000015258789,83.70899963378906,87.03900146484375
2024-04-11,87.41999816894531,90.73899841308594,86.9260025024414,90.61599731445312
2024-04-12,89.6989974975586,90.17500305175781,87.52999877929688,88.18599700927734
2024-04-15,89.0979995727539,90.61299896240234,85.92900085449219,86.0009994506836
2024-04-16,86.43299865722656,88.11799621582031,86.06400299072266,87.41500091552734
2024-04-17,88.33999633789062,88.7750015258789,83.94999694824219,84.03500366210938
2024-04-18,84.97000122070312,86.19000244140625,82.4020004272461,84.6709976196289
2024-04-19,83.1500015258789,84.3239974975586,75.60600280761719,76.19999694824219
2024-04-22,78.10399627685547,80.072998046875,76.4000015258789,79.51799774169922
2024-04-23,80.76899719238281,82.76899719238281,80.26399993896484,82.4229965209961
2024-04-24,83.94999694824219,84.08200073242188,79.18299865722656,79.677001953125
2024-04-25,78.86799621582031,83.322998046875,78.2229995727539,82.63200378417969
2024-04-26,83.81800079345703,88.33100128173828,83.38700103759766,87.73500061035156
2024-04-29,87.59500122070312,87.99199676513672,85.26599884033203,87.75700378417969
2024-04-30,87.23999786376953,88.81900024414062,86.30000305175781,86.4020004272461
2024-05-01,85.0770034790039,86.0,81.25499725341797,83.04100036621094
2024-05-02,84.4489974975586,86.23699951171875,83.19999694824219,85.81700134277344
2024-05-03,87.78900146484375,89.28099822998047,87.04000091552734,88.78900146484375
2024-05-06,89.38999938964844,92.22000122070312,89.05500030517578,92.13999938964844
2024-05-07,91.0979995727539,91.78099822998047,89.01100158691406,90.55400085449219
2024-05-08,89.48300170898438,91.19400024414062,89.41999816894531,90.41200256347656
2024-05-09,90.52899932861328,91.0719985961914,88.23100280761719,88.74700164794922
2024-05-10,90.30500030517578,91.4010009765625,89.22699737548828,89.87799835205078
2024-05-13,90.47799682617188,90.99800109863281,88.52899932861328,90.39900207519531
2024-05-14,89.5989990234375,91.6510009765625,88.93399810791016,91.35600280761719
2024-05-15,92.47200012207031,94.86199951171875,91.5989990234375,94.62999725341797
2024-05-16,94.91000366210938,95.81900024414062,94.10299682617188,94.35900115966797
2024-05-17,94.36900329589844,94.73999786376953,91.80599975585938,92.47899627685547
2024-05-20,93.75,95.19999694824219,93.44000244140625,94.77999877929688
2024-05-21,93.5989990234375,95.4000015258789,93.18000030517578,95.38600158691406
2024-05-22,95.45899963378906,96.0199966430664,93.2490005493164,94.94999694824219
2024-05-23,102.02799987792969,106.31999969482422,101.5199966430664,103.79900360107422
2024-05-24,104.4489974975586,106.4749984741211,103.0,106.46900177001953
2024-05-28,110.24400329589844,114.93900299072266,109.88300323486328,113.9010009765625
2024-05-29,113.05000305175781,115.49199676513672,110.9010009765625,114.82499694824219
2024-05-30,114.6500015258789,115.81900024414062,109.66300201416016,110.5
2024-05-31,112.5199966430664,112.71700286865234,106.94000244140625,109.63300323486328
2024-06-03,113.62100219726562,115.0,112.00299835205078,115.0
2024-06-04,115.71600341796875,116.5999984741211,114.04499816894531,116.43699645996094
2024-06-05,118.37100219726562,122.4489974975586,117.46800231933594,122.44000244140625
2024-06-06,124.0479965209961,125.58699798583984,118.31999969482422,120.99800109863281
2024-06-07,119.7699966430664,121.69200134277344,118.02200317382812,120.88800048828125
2024-06-10,120.37000274658203,123.0999984741211,117.01000213623047,121.79000091552734
2024-06-11,121.7699966430664,122.87000274658203,118.73999786376953,120.91000366210938
2024-06-12,123.05999755859375,126.87999725341797,122.56999969482422,125.19999694824219
2024-06-13,129.38999938964844,129.8000030517578,127.16000366210938,129.61000061035156
2024-06-14,129.9600067138672,132.83999633789062,128.32000732421875,131.8800048828125
2024-06-17,132.99000549316406,133.72999572753906,129.5800018310547,130.97999572753906
2024-06-18,131.13999938964844,136.3300018310547,130.69000244140625,135.5800018310547
2024-06-20,139.8000030517578,140.75999450683594,129.52000427246094,130.77999877929688
2024-06-21,127.12000274658203,130.6300048828125,124.30000305175781,126.56999969482422
2024-06-24,123.23999786376953,124.45999908447266,118.04000091552734,118.11000061035156
2024-06-25,121.19999694824219,126.5,119.31999969482422,126.08999633789062
2024-06-26,126.12999725341797,128.1199951171875,122.5999984741211,126.4000015258789
2024-06-27,124.0999984741211,126.41000366210938,122.91999816894531,123.98999786376953
2024-06-28,124.58000183105469,127.70999908447266,122.75,123.54000091552734
2024-07-01,123.47000122070312,124.83999633789062,118.83000183105469,124.30000305175781
2024-07-02,121.12999725341797,123.41000366210938,121.02999877929688,122.66999816894531
2024-07-03,121.66000366210938,128.27999877929688,121.36000061035156,128.27999877929688
2024-07-05,127.37999725341797,128.85000610351562,125.68000030517578,125.83000183105469
2024-07-08,127.48999786376953,130.77000427246094,127.04000091552734,128.1999969482422
2024-07-09,130.35000610351562,133.82000732421875,128.64999389648438,131.3800048828125
2024-07-10,134.02999877929688,135.10000610351562,132.4199981689453,134.91000366210938
2024-07-11,135.75,136.14999389648438,127.05000305175781,127.4000015258789
2024-07-12,128.25999450683594,131.9199981689453,127.22000122070312,129.24000549316406
2024-07-15,130.55999755859375,131.38999938964844,127.18000030517578,128.44000244140625
2024-07-16,128.44000244140625,129.0399932861328,124.58000183105469,126.36000061035156
2024-07-17,121.3499984741211,121.8499984741211,116.72000122070312,117.98999786376953
2024-07-18,121.8499984741211,122.4000015258789,116.55999755859375,121.08999633789062
2024-07-19,120.3499984741211,121.5999984741211,117.37000274658203,117.93000030517578
2024-07-22,120.3499984741211,124.06999969482422,119.86000061035156,123.54000091552734
2024-07-23,122.77999877929688,124.69000244140625,122.0999984741211,122.58999633789062
2024-07-24,119.16999816894531,119.94999694824219,113.44000244140625,114.25
2024-07-25,113.04000091552734,116.62999725341797,106.30000305175781,112.27999877929688
2024-07-26,116.19000244140625,116.19999694824219,111.58000183105469,113.05999755859375
2024-07-29,113.69000244140625,116.27999877929688,111.30000305175781,111.58999633789062
2024-07-30,111.5199966430664,111.98999786376953,102.54000091552734,103.7300033569336
2024-07-31,112.9000015258789,118.33999633789062,110.87999725341797,117.0199966430664
2024-08-01,117.52999877929688,120.16000366210938,106.80999755859375,109.20999908447266
2024-08-02,103.76000213623047,108.72000122070312,101.37000274658203,107.2699966430664
2024-08-05,92.05999755859375,103.41000366210938,90.69000244140625,100.44999694824219
2024-08-06,103.83999633789062,107.70999908447266,100.55000305175781,104.25
2024-08-07,107.80999755859375,108.80000305175781,98.69000244140625,98.91000366210938
2024-08-08,102.0,105.5,97.5199966430664,104.97000122070312
2024-08-09,105.63999938964844,106.5999984741211,103.43000030517578,104.75
2024-08-12,106.31999969482422,111.06999969482422,106.26000213623047,109.0199966430664
2024-08-13,112.44000244140625,116.2300033569336,111.58000183105469,116.13999938964844
2024-08-14,118.52999877929688,118.5999984741211,114.06999969482422,118.08000183105469
2024-08-15,118.76000213623047,123.23999786376953,117.47000122070312,122.86000061035156
2024-08-16,121.94000244140625,125.0,121.18000030517578,124.58000183105469
2024-08-19,124.27999877929688,130.0,123.41999816894531,130.0
2024-08-20,128.39999389648438,129.8800048828125,125.88999938964844,127.25
2024-08-21,127.31999969482422,129.35000610351562,126.66000366210938,128.5
2024-08-22,130.02000427246094,130.75,123.0999984741211,123.73999786376953
2024-08-23,125.86000061035156,129.60000610351562,125.22000122070312,129.3699951171875
2024-08-26,129.57000732421875,131.25999450683594,124.37000274658203,126.45999908447266
2024-08-27,125.05000305175781,129.1999969482422,123.87999725341797,128.3000030517578
2024-08-28,128.1199951171875,128.3300018310547,122.63999938964844,125.61000061035156
2024-08-29,121.36000061035156,124.43000030517578,116.70999908447266,117.58999633789062
2024-08-30,119.52999877929688,121.75,117.22000122070312,119.37000274658203
2024-09-03,116.01000213623047,116.20999908447266,107.29000091552734,108.0
2024-09-04,105.41000366210938,113.2699966430664,104.12000274658203,106.20999908447266
2024-09-05,104.98999786376953,109.6500015258789,104.76000213623047,107.20999908447266
2024-09-06,108.04000091552734,108.1500015258789,100.94999694824219,102.83000183105469
2024-09-09,104.87999725341797,106.55000305175781,103.69000244140625,106.47000122070312
2024-09-10,107.80999755859375,109.4000015258789,104.94999694824219,108.0999984741211
2024-09-11,109.38999938964844,117.19000244140625,107.41999816894531,116.91000366210938
2024-09-12,116.83999633789062,120.79000091552734,115.37999725341797,119.13999938964844
2024-09-13,119.08000183105469,119.95999908447266,117.5999984741211,119.0999984741211
2024-09-16,116.79000091552734,118.18000030517578,114.36000061035156,116.77999877929688
2024-09-17,118.16999816894531,118.80000305175781,114.83000183105469,115.58999633789062
2024-09-18,115.88999938964844,117.69999694824219,113.22000122070312,113.37000274658203
2024-09-19,117.3499984741211,119.66000366210938,117.25,117.87000274658203
2024-09-20,117.05999755859375,118.62000274658203,115.38999938964844,116.0
2024-09-23,116.55000305175781,116.98999786376953,114.86000061035156,116.26000213623047
2024-09-24,116.5199966430664,121.80000305175781,115.37999725341797,120.87000274658203
2024-09-25,122.0199966430664,124.94000244140625,121.61000061035156,123.51000213623047
2024-09-26,126.80000305175781,127.66999816894531,121.80000305175781,124.04000091552734
2024-09-27,123.97000122070312,124.02999877929688,119.26000213623047,121.4000015258789
2024-09-30,118.30999755859375,121.5,118.1500015258789,121.44000244140625
2024-10-01,121.7699966430664,122.44000244140625,115.79000091552734,117.0
2024-10-02,116.44000244140625,119.37999725341797,115.13999938964844,118.8499984741211
2024-10-03,120.91999816894531,124.36000061035156,120.33999633789062,122.8499984741211
2024-10-04,124.94000244140625,125.04000091552734,121.83000183105469,124.91999816894531
2024-10-07,124.98999786376953,130.63999938964844,124.94999694824219,127.72000122070312
2024-10-08,130.25999450683594,133.47999572753906,129.4199981689453,132.88999938964844
2024-10-09,134.11000061035156,134.52000427246094,131.3800048828125,132.64999389648438
2024-10-10,131.91000366210938,135.0,131.0,134.80999755859375
2024-10-11,134.00999450683594,135.77999877929688,133.66000366210938,134.8000030517578
2024-10-14,136.47000122070312,139.60000610351562,136.3000030517578,138.07000732421875
2024-10-15,137.8699951171875,138.57000732421875,128.74000549316406,131.60000610351562
2024-10-16,133.97999572753906,136.6199951171875,131.5800018310547,135.72000122070312
2024-10-17,139.33999633789062,140.88999938964844,136.8699951171875,136.92999267578125
2024-10-18,138.6699981689453,138.89999389648438,137.27999877929688,138.0
2024-10-21,138.1300048828125,143.7100067138672,138.0,143.7100067138672
2024-10-22,142.91000366210938,144.4199981689453,141.77999877929688,143.58999633789062
2024-10-23,142.02999877929688,142.42999267578125,137.4600067138672,139.55999755859375
2024-10-24,140.82000732421875,141.35000610351562,138.4600067138672,140.41000366210938
2024-10-25,140.92999267578125,144.1300048828125,140.8000030517578,141.5399932861328
2024-10-28,143.0,143.13999938964844,140.0500030517578,140.52000427246094
2024-10-29,140.2899932861328,142.25999450683594,138.89999389648438,141.25
2024-10-30,139.5399932861328,140.3300018310547,136.80999755859375,139.33999633789062
2024-10-31,137.60000610351562,137.61000061035156,132.11000061035156,132.75999450683594
2024-11-01,134.6999969482422,137.30999755859375,134.57000732421875,135.39999389648438
2024-11-04,137.2100067138672,138.9600067138672,135.57000732421875,136.0500030517578
2024-11-05,137.4499969482422,140.3699951171875,137.3300018310547,139.91000366210938
2024-11-06,142.9600067138672,146.49000549316406,141.9600067138672,145.61000061035156
2024-11-07,146.38999938964844,148.92999267578125,146.1699981689453,148.8800048828125
2024-11-08,148.77000427246094,149.77000427246094,146.25999450683594,147.6300048828125
2024-11-11,148.67999267578125,148.85000610351562,143.57000732421875,145.25999450683594
2024-11-12,146.77999877929688,149.64999389648438,146.00999450683594,148.2899932861328
2024-11-13,149.07000732421875,149.3300018310547,145.89999389648438,146.27000427246094
2024-11-14,147.63999938964844,149.0,145.5500030517578,146.75999450683594
2024-11-15,144.8699951171875,145.24000549316406,140.0800018310547,141.97999572753906
2024-11-18,139.5,141.5500030517578,137.14999389648438,140.14999389648438
2024-11-19,141.32000732421875,147.1300048828125,140.99000549316406,147.00999450683594
2024-11-20,147.41000366210938,147.55999755859375,142.72999572753906,145.88999938964844
2024-11-21,149.35000610351562,152.88999938964844,140.6999969482422,146.6699981689453
2024-11-22,145.92999267578125,147.16000366210938,141.10000610351562,141.9499969482422
2024-11-25,141.99000549316406,142.0500030517578,135.82000732421875,136.02000427246094
2024-11-26,137.6999969482422,139.3000030517578,135.6699981689453,136.9199981689453
2024-11-27,135.00999450683594,137.22000122070312,131.8000030517578,135.33999633789062
2024-11-29,136.77999877929688,139.35000610351562,136.0500030517578,138.25
2024-12-02,138.8300018310547,140.4499969482422,137.82000732421875,138.6300048828125
2024-12-03,138.25999450683594,140.5399932861328,137.9499969482422,140.25999450683594
2024-12-04,142.0,145.7899932861328,140.2899932861328,145.13999938964844
2024-12-05,145.11000061035156,146.5399932861328,143.9499969482422,145.05999755859375
2024-12-06,144.60000610351562,145.6999969482422,141.30999755859375,142.44000244140625
2024-12-09,138.97000122070312,139.9499969482422,137.1300048828125,138.80999755859375
2024-12-10,139.00999450683594,141.82000732421875,133.7899932861328,135.07000732421875
2024-12-11,137.36000061035156,140.1699981689453,135.2100067138672,139.30999755859375
2024-12-12,137.0800018310547,138.44000244140625,135.8000030517578,137.33999633789062
2024-12-13,138.94000244140625,139.60000610351562,132.5399932861328,134.25
2024-12-16,134.17999267578125,134.39999389648438,130.4199981689453,132.0
2024-12-17,129.08999633789062,131.58999633789062,126.86000061035156,130.38999938964844
2024-12-18,133.86000061035156,136.6999969482422,128.27999877929688,128.91000366210938
2024-12-19,131.75999450683594,134.02999877929688,129.5500030517578,130.67999267578125
2024-12-20,129.80999755859375,135.27999877929688,128.22000122070312,134.6999969482422
2024-12-23,136.27999877929688,139.7899932861328,135.1199951171875,139.6699981689453
2024-12-24,140.0,141.89999389648438,138.64999389648438,140.22000122070312
2024-12-26,139.6999969482422,140.85000610351562,137.72999572753906,139.92999267578125
2024-12-27,138.5500030517578,139.02000427246094,134.7100067138672,137.00999450683594
2024-12-30,134.8300018310547,140.27000427246094,134.02000427246094,137.49000549316406
2024-12-31,138.02999877929688,138.07000732421875,133.8300018310547,134.2899932861328
2025-01-02,136.0,138.8800048828125,134.6300048828125,138.30999755859375
2025-01-03,140.00999450683594,144.89999389648438,139.72999572753906,144.47000122070312
2025-01-06,148.58999633789062,152.16000366210938,147.82000732421875,149.42999267578125
2025-01-07,153.02999877929688,153.1300048828125,140.00999450683594,140.13999938964844
2025-01-08,142.5800018310547,143.9499969482422,137.55999755859375,140.11000061035156
2025-01-10,137.4499969482422,139.9199981689453,134.22000122070312,135.91000366210938
2025-01-13,129.99000549316406,133.49000549316406,129.50999450683594,133.22999572753906
2025-01-14,136.0500030517578,136.3800048828125,130.0500030517578,131.75999450683594
2025-01-15,133.64999389648438,136.4499969482422,131.2899932861328,136.24000549316406
2025-01-16,138.63999938964844,138.75,133.49000549316406,133.57000732421875
2025-01-17,136.69000244140625,138.5,135.4600067138672,137.7100067138672
2025-01-21,139.16000366210938,141.8300018310547,137.08999633789062,140.8300018310547
2025-01-22,144.66000366210938,147.7899932861328,143.6699981689453,147.07000732421875
2025-01-23,145.0500030517578,147.22999572753906,143.72000122070312,147.22000122070312
2025-01-24,148.3699951171875,148.97000122070312,141.8800048828125,142.6199951171875
2025-01-27,124.80000305175781,128.39999389648438,116.69999694824219,118.41999816894531
2025-01-28,121.80999755859375,129.0,116.25,128.99000549316406
2025-01-29,126.5,126.88999938964844,120.05000305175781,123.69999694824219
2025-01-30,123.0999984741211,125.0,118.0999984741211,124.6500015258789
2025-01-31,123.77999877929688,127.8499984741211,119.19000244140625,120.06999969482422
2025-02-03,114.75,118.56999969482422,113.01000213623047,116.66000366210938
2025-02-04,116.95999908447266,121.19999694824219,116.69999694824219,118.6500015258789
2025-02-05,121.76000213623047,125.0,120.76000213623047,124.83000183105469
2025-02-06,127.41999816894531,128.77000427246094,125.20999908447266,128.67999267578125
2025-02-07,129.22000122070312,130.3699951171875,125.0,129.83999633789062
2025-02-10,130.08999633789062,135.0,129.9600067138672,133.57000732421875
2025-02-11,132.5800018310547,134.47999572753906,131.02000427246094,132.8000030517578
2025-02-12,130.02000427246094,132.24000549316406,129.0800018310547,131.13999938964844
2025-02-13,131.55999755859375,136.5,131.1699981689453,135.2899932861328
2025-02-14,136.47999572753906,139.25,135.5,138.85000610351562
2025-02-18,141.27000427246094,143.44000244140625,137.92999267578125,139.39999389648438
2025-02-19,139.50999450683594,141.36000061035156,137.22000122070312,139.22999572753906
2025-02-20,140.02999877929688,140.66000366210938,136.7899932861328,140.11000061035156
2025-02-21,140.0399932861328,141.4600067138672,134.02999877929688,134.42999267578125
2025-02-24,136.55999755859375,138.58999633789062,130.0800018310547,130.27999877929688
2025-02-25,129.97999572753906,130.1999969482422,124.44000244140625,126.62999725341797
2025-02-26,129.99000549316406,133.72999572753906,128.49000549316406,131.27999877929688
2025-02-27,135.0,135.00999450683594,120.01000213623047,120.1500015258789
2025-02-28,118.0199966430664,125.08999633789062,116.4000015258789,124.91999816894531
2025-03-03,123.51000213623047,123.69999694824219,112.27999877929688,114.05999755859375
2025-03-04,110.6500015258789,119.30999755859375,110.11000061035156,115.98999786376953
2025-03-05,117.58000183105469,118.27999877929688,114.51000213623047,117.30000305175781
2025-03-06,113.52999877929688,115.3499984741211,110.22000122070312,110.56999969482422
2025-03-07,111.25,113.4800033569336,107.55999755859375,112.69000244140625
2025-03-10,109.9000015258789,111.8499984741211,105.45999908447266,106.9800033569336
2025-03-11,106.98999786376953,112.23999786376953,104.7699966430664,108.76000213623047
2025-03-12,114.12000274658203,116.76000213623047,112.87999725341797,115.73999786376953
2025-03-13,117.02999877929688,117.76000213623047,113.79000091552734,115.58000183105469
2025-03-14,118.61000061035156,121.87999725341797,118.1500015258789,121.66999816894531
2025-03-17,122.73999786376953,122.88999938964844,118.02999877929688,119.52999877929688
2025-03-18,118.0,119.0199966430664,114.54000091552734,115.43000030517578
2025-03-19,117.2699966430664,120.44999694824219,115.68000030517578,117.5199966430664
2025-03-20,116.55000305175781,120.19999694824219,116.47000122070312,118.52999877929688
2025-03-21,116.94000244140625,117.98999786376953,115.41999816894531,117.69999694824219
2025-03-24,119.87999725341797,122.22000122070312,119.33999633789062,121.41000366210938
2025-03-25,120.55000305175781,121.29000091552734,118.91999816894531,120.69000244140625
2025-03-26,118.7300033569336,118.83999633789062,112.70999908447266,113.76000213623047
2025-03-27,111.3499984741211,114.44999694824219,110.66000366210938,111.43000030517578
2025-03-28,111.48999786376953,112.87000274658203,109.06999969482422,109.66999816894531
2025-03-31,105.12999725341797,110.95999908447266,103.6500015258789,108.37999725341797
2025-04-01,108.5199966430664,110.19999694824219,106.47000122070312,110.1500015258789
2025-04-02,107.29000091552734,111.9800033569336,106.79000091552734,110.41999816894531
2025-04-03,103.51000213623047,105.62999725341797,101.5999984741211,101.80000305175781
2025-04-04,98.91000366210938,100.12999725341797,92.11000061035156,94.30999755859375
2025-04-07,87.45999908447266,101.75,86.62000274658203,97.63999938964844
2025-04-08,103.80999755859375,105.8499984741211,94.45999908447266,96.30000305175781
2025-04-09,98.88999938964844,115.0999984741211,97.52999877929688,114.33000183105469
2025-04-10,109.37000274658203,110.86000061035156,99.1500015258789,107.56999969482422
2025-04-11,108.5,111.55000305175781,107.4800033569336,110.93000030517578
2025-04-14,114.11000061035156,114.29000091552734,109.06999969482422,110.70999908447266
2025-04-15,110.97000122070312,113.62000274658203,110.5,112.19999694824219
2025-04-16,104.55000305175781,106.79000091552734,100.44999694824219,104.48999786376953
2025-04-17,104.44999694824219,104.47000122070312,100.05000305175781,101.48999786376953
2025-04-21,98.7699966430664,99.44000244140625,95.04000091552734,96.91000366210938
2025-04-22,98.77999877929688,99.80999755859375,97.27999877929688,98.88999938964844
2025-04-23,104.5199966430664,104.80000305175781,102.0199966430664,102.70999908447266
2025-04-24,103.4800033569336,106.54000091552734,103.11000061035156,106.43000030517578
2025-04-25,106.8499984741211,111.91999816894531,105.7300033569336,111.01000213623047
2025-04-28,109.69000244140625,110.37000274658203,106.0199966430664,108.7300033569336
2025-04-29,107.66999816894531,110.19999694824219,107.44000244140625,109.0199966430664
2025-04-30,104.47000122070312,108.91999816894531,104.08000183105469,108.91999816894531
2025-05-01,113.08000183105469,114.94000244140625,111.30000305175781,111.61000061035156
2025-05-02,114.18000030517578,115.4000015258789,113.37000274658203,114.5
2025-05-05,112.91000366210938,114.66999816894531,112.66000366210938,113.81999969482422
2025-05-06,111.4800033569336,114.73999786376953,110.81999969482422,113.54000091552734
2025-05-07,113.05000305175781,117.68000030517578,112.27999877929688,117.05999755859375
2025-05-08,118.25,118.68000030517578,115.8499984741211,117.37000274658203
2025-05-09,117.3499984741211,118.2300033569336,115.20999908447266,116.6500015258789
2025-05-12,121.97000122070312,123.0,120.27999877929688,123.0
2025-05-13,124.9800033569336,131.22000122070312,124.47000122070312,129.92999267578125
2025-05-14,133.1999969482422,135.44000244140625,131.67999267578125,135.33999633789062
2025-05-15,134.2899932861328,136.3000030517578,132.66000366210938,134.8300018310547
2025-05-16,136.22000122070312,136.35000610351562,133.4600067138672,135.39999389648438
2025-05-19,132.38999938964844,135.8699951171875,132.38999938964844,135.57000732421875
2025-05-20,134.2899932861328,134.5800018310547,132.6199951171875,134.3800048828125
2025-05-21,133.05999755859375,137.39999389648438,130.58999633789062,131.8000030517578
2025-05-22,132.22999572753906,134.25,131.5500030517578,132.8300018310547
2025-05-23,130.0,132.67999267578125,129.16000366210938,131.2899932861328
2025-05-27,134.14999389648438,135.66000366210938,133.30999755859375,135.5
2025-05-28,136.02999877929688,137.25,134.7899932861328,134.80999755859375
2025-05-29,142.25,143.49000549316406,137.91000366210938,139.19000244140625
2025-05-30,138.72000122070312,139.6199951171875,132.9199981689453,135.1300048828125
2025-06-02,135.49000549316406,138.1199951171875,135.39999389648438,137.3800048828125
2025-06-03,138.77999877929688,142.0,137.9499969482422,141.22000122070312
2025-06-04,142.19000244140625,142.38999938964844,139.5399932861328,141.9199981689453
2025-06-05,142.1699981689453,144.0,138.8300018310547,139.99000549316406
2025-06-06,142.50999450683594,143.27000427246094,141.50999450683594,141.72000122070312
2025-06-09,143.19000244140625,145.0,141.94000244140625,142.6300048828125
2025-06-10,142.69000244140625,144.2899932861328,141.52999877929688,143.9600067138672
2025-06-11,144.61000061035156,144.99000549316406,141.8699951171875,142.8300018310547
2025-06-12,141.97000122070312,145.0,141.85000610351562,145.0
2025-06-13,142.47999572753906,143.5800018310547,140.85000610351562,141.97000122070312
2025-06-16,143.35000610351562,146.17999267578125,143.1999969482422,144.69000244140625
2025-06-17,144.49000549316406,145.22000122070312,143.77999877929688,144.1199951171875
2025-06-18,144.00999450683594,145.64999389648438,143.1199951171875,145.47999572753906
2025-06-20,145.4499969482422,146.1999969482422,142.64999389648438,143.85000610351562
2025-06-23,142.5,144.77999877929688,142.02999877929688,144.1699981689453
2025-06-24,145.55999755859375,147.9600067138672,145.5,147.89999389648438
2025-06-25,149.27000427246094,154.4499969482422,149.25999450683594,154.30999755859375
2025-06-26,155.97999572753906,156.72000122070312,154.0,155.02000427246094
2025-06-27,156.0399932861328,158.7100067138672,155.25999450683594,157.75
2025-06-30,158.39999389648438,158.66000366210938,155.9600067138672,157.99000549316406
2025-07-01,156.2899932861328,157.1999969482422,151.49000549316406,153.3000030517578
2025-07-02,152.97999572753906,157.60000610351562,152.97000122070312,157.25
2025-07-03,158.3699951171875,160.97999572753906,157.77000427246094,159.33999633789062
2025-07-07,158.1999969482422,159.30999755859375,157.33999633789062,158.24000549316406
2025-07-08,159.3300018310547,160.22000122070312,158.38999938964844,160.0
2025-07-09,161.22000122070312,164.4199981689453,161.16000366210938,162.8800048828125
2025-07-10,164.32000732421875,164.5,161.61000061035156,164.10000610351562
2025-07-11,163.72000122070312,167.88999938964844,163.47000122070312,164.9199981689453
2025-07-14,165.3699951171875,165.49000549316406,162.02000427246094,164.07000732421875
2025-07-15,171.19000244140625,172.39999389648438,169.1999969482422,170.6999969482422
2025-07-16,171.05999755859375,171.75,168.89999389648438,171.3699951171875
2025-07-17,172.02000427246094,174.16000366210938,170.8300018310547,173.0
2025-07-18,173.63999938964844,174.25,171.25999450683594,172.41000366210938
2025-07-21,172.75,173.3800048828125,171.0,171.3800048828125
2025-07-22,171.33999633789062,171.38999938964844,164.5800018310547,167.02999877929688
2025-07-23,169.52999877929688,171.25999450683594,167.97000122070312,170.77999877929688
2025-07-24,172.44000244140625,173.8300018310547,171.3000030517578,173.74000549316406
2025-07-25,173.61000061035156,174.72000122070312,172.9600067138672,173.5
2025-07-28,174.02000427246094,177.0,173.97000122070312,176.75
2025-07-29,177.9600067138672,179.3800048828125,175.02000427246094,175.50999450683594
2025-07-30,176.50999450683594,179.88999938964844,176.0399932861328,179.27000427246094
2025-07-31,182.89999389648438,183.3000030517578,175.92999267578125,177.8699951171875
2025-08-01,174.08999633789062,176.5399932861328,170.88999938964844,173.72000122070312
2025-08-04,175.16000366210938,180.1999969482422,174.52000427246094,180.0
2025-08-05,179.6199951171875,180.25999450683594,175.89999389648438,178.25999450683594
2025-08-06,176.3300018310547,179.89999389648438,176.25,179.4199981689453
2025-08-07,181.57000732421875,183.8800048828125,178.8000030517578,180.77000427246094
2025-08-08,181.5500030517578,183.3000030517578,180.39999389648438,182.6999969482422
2025-08-11,182.0500030517578,183.83999633789062,180.25,182.05999755859375
2025-08-12,182.9600067138672,184.47999572753906,179.4600067138672,183.16000366210938
2025-08-13,182.6199951171875,183.97000122070312,179.35000610351562,181.58999633789062
2025-08-14,179.75,183.02000427246094,179.4600067138672,182.02000427246094
2025-08-15,181.8800048828125,181.89999389648438,178.0399932861328,180.4499969482422
2025-08-18,180.60000610351562,182.94000244140625,180.58999633789062,182.00999450683594
2025-08-19,182.42999267578125,182.5,175.49000549316406,175.63999938964844
2025-08-20,175.1699981689453,176.0,168.8000030517578,175.39999389648438
2025-08-21,174.85000610351562,176.89999389648438,173.80999755859375,174.97999572753906
2025-08-22,172.61000061035156,178.58999633789062,171.1999969482422,177.99000549316406
2025-08-25,178.35000610351562,181.91000366210938,176.57000732421875,179.80999755859375
2025-08-26,180.05999755859375,182.38999938964844,178.80999755859375,181.77000427246094
2025-08-27,181.97999572753906,182.49000549316406,179.10000610351562,181.60000610351562
2025-08-28,180.82000732421875,184.47000122070312,176.41000366210938,180.1699981689453
2025-08-29,178.11000061035156,178.14999389648438,173.14999389648438,174.17999267578125
2025-09-02,170.0,172.3800048828125,167.22000122070312,170.77999877929688
2025-09-03,171.05999755859375,172.41000366210938,168.8800048828125,170.6199951171875
2025-09-04,170.57000732421875,171.86000061035156,169.41000366210938,171.66000366210938
2025-09-05,168.02999877929688,169.02999877929688,164.07000732421875,167.02000427246094
2025-09-08,167.5500030517578,170.9600067138672,167.35000610351562,168.30999755859375
2025-09-09,169.08999633789062,170.97999572753906,166.74000549316406,170.75999450683594
2025-09-10,176.63999938964844,179.2899932861328,175.47000122070312,177.3300018310547
2025-09-11,179.67999267578125,180.27999877929688,176.47999572753906,177.1699981689453
2025-09-12,177.77000427246094,178.60000610351562,176.4499969482422,177.82000732421875
2025-09-15,175.6699981689453,178.85000610351562,174.50999450683594,177.75
2025-09-16,177.0,177.5,174.3800048828125,174.8800048828125
2025-09-17,172.63999938964844,173.1999969482422,168.41000366210938,170.2899932861328
2025-09-18,173.97999572753906,177.10000610351562,172.9600067138672,176.24000549316406
2025-09-19,175.77000427246094,178.0800018310547,175.17999267578125,176.6699981689453
2025-09-22,175.3000030517578,184.5500030517578,174.7100067138672,183.61000061035156
2025-09-23,181.97000122070312,182.4199981689453,176.2100067138672,178.42999267578125
2025-09-24,179.77000427246094,179.77999877929688,175.39999389648438,176.97000122070312
2025-09-25,174.47999572753906,180.25999450683594,173.1300048828125,177.69000244140625
2025-09-26,178.1699981689453,179.77000427246094,174.92999267578125,178.19000244140625
2025-09-29,180.42999267578125,184.0,180.32000732421875,181.85000610351562
2025-09-30,182.0800018310547,187.35000610351562,181.47999572753906,186.5800018310547
2025-10-01,185.24000549316406,188.13999938964844,183.89999389648438,187.24000549316406
2025-10-02,189.60000610351562,191.0500030517578,188.05999755859375,188.88999938964844
2025-10-03,189.19000244140625,190.36000061035156,185.3800048828125,187.6199951171875
2025-10-06,185.5,187.22999572753906,183.3300018310547,185.5399932861328
2025-10-07,186.22999572753906,189.05999755859375,184.0,185.0399932861328
2025-10-08,186.57000732421875,189.60000610351562,186.5399932861328,189.11000061035156
2025-10-09,192.22999572753906,195.3000030517578,191.05999755859375,192.57000732421875
2025-10-10,193.50999450683594,195.6199951171875,182.0500030517578,183.16000366210938
2025-10-13,187.97000122070312,190.11000061035156,185.9600067138672,188.32000732421875
2025-10-14,184.77000427246094,184.8000030517578,179.6999969482422,180.02999877929688
2025-10-15,184.8000030517578,184.8699951171875,177.2899932861328,179.8300018310547
2025-10-16,182.22999572753906,183.27999877929688,179.77000427246094,181.80999755859375
2025-10-17,180.17999267578125,184.10000610351562,179.75,183.22000122070312
2025-10-20,183.1300048828125,185.1999969482422,181.72999572753906,182.63999938964844
2025-10-21,182.7899932861328,182.7899932861328,179.8000030517578,181.16000366210938
2025-10-22,181.13999938964844,183.44000244140625,176.75999450683594,180.27999877929688
2025-10-23,180.4199981689453,183.02999877929688,179.7899932861328,182.16000366210938
2025-10-24,183.83999633789062,187.47000122070312,183.5,186.25999450683594
2025-10-27,189.99000549316406,192.0,188.42999267578125,191.49000549316406
2025-10-28,193.0500030517578,203.14999389648438,191.91000366210938,201.02999877929688
2025-10-29,207.97999572753906,212.19000244140625,204.77999877929688,207.0399932861328
2025-10-30,205.14999389648438,206.16000366210938,201.41000366210938,202.88999938964844
2025-10-31,206.4499969482422,207.97000122070312,202.07000732421875,202.49000549316406
2025-11-03,208.0800018310547,211.33999633789062,205.55999755859375,206.8800048828125
2025-11-04,203.0,203.97000122070312,197.92999267578125,198.69000244140625
2025-11-05,198.77000427246094,202.9199981689453,194.64999389648438,195.2100067138672
2025-11-06,196.4199981689453,197.6199951171875,186.3800048828125,188.0800018310547
2025-11-07,184.89999389648438,188.32000732421875,178.91000366210938,188.14999389648438
2025-11-10,195.11000061035156,199.94000244140625,193.7899932861328,199.0500030517578
2025-11-11,195.16000366210938,195.4199981689453,191.3000030517578,193.16000366210938
2025-11-12,195.72000122070312,195.88999938964844,191.1300048828125,193.8000030517578
2025-11-13,191.0500030517578,191.44000244140625,183.85000610351562,186.86000061035156
2025-11-14,182.86000061035156,191.00999450683594,180.5800018310547,190.1699981689453
2025-11-17,185.97000122070312,189.0,184.32000732421875,186.60000610351562
2025-11-18,183.3800048828125,184.8000030517578,179.64999389648438,181.36000061035156
2025-11-19,184.7899932861328,187.86000061035156,182.8300018310547,186.52000427246094
2025-11-20,195.9499969482422,196.0,179.85000610351562,180.63999938964844
2025-11-21,181.24000549316406,184.55999755859375,172.92999267578125,178.8800048828125
2025-11-24,179.49000549316406,183.5,176.47999572753906,182.5500030517578
2025-11-25,174.91000366210938,178.16000366210938,169.5500030517578,177.82000732421875
2025-11-26,181.6300048828125,182.91000366210938,178.24000549316406,180.25999450683594
2025-11-28,179.00999450683594,179.2899932861328,176.5,177.0
2025-12-01,174.75999450683594,180.3000030517578,173.67999267578125,179.9199981689453
2025-12-02,181.75999450683594,185.66000366210938,180.0,181.4600067138672
2025-12-03,181.0800018310547,182.4499969482422,179.11000061035156,179.58999633789062
2025-12-04,181.6199951171875,184.52000427246094,179.9600067138672,183.3800048828125
2025-12-05,183.88999938964844,184.66000366210938,180.91000366210938,182.41000366210938
2025-12-08,182.63999938964844,188.0,182.39999389648438,185.5500030517578
2025-12-09,185.55999755859375,185.72000122070312,183.32000732421875,184.97000122070312
2025-12-10,184.97000122070312,185.47999572753906,182.0399932861328,183.77999877929688
2025-12-11,180.27999877929688,181.32000732421875,176.6199951171875,180.92999267578125
2025-12-12,181.11000061035156,182.82000732421875,174.6199951171875,175.02000427246094
2025-12-15,177.94000244140625,178.4199981689453,175.02999877929688,176.2899932861328
2025-12-16,176.25999450683594,178.49000549316406,174.89999389648438,177.72000122070312
2025-12-17,176.10000610351562,176.1300048828125,170.30999755859375,170.94000244140625
2025-12-18,174.52999877929688,176.14999389648438,171.82000732421875,174.13999938964844
2025-12-19,176.6699981689453,181.4499969482422,176.33999633789062,180.99000549316406
2025-12-22,183.9199981689453,184.16000366210938,182.35000610351562,183.69000244140625
2025-12-23,182.97000122070312,189.3300018310547,182.89999389648438,189.2100067138672
2025-12-24,187.94000244140625,188.91000366210938,186.58999633789062,188.61000061035156
2025-12-26,189.9199981689453,192.69000244140625,188.0,190.52999877929688
2025-12-29,187.7100067138672,188.75999450683594,185.91000366210938,188.22000122070312
2025-12-30,188.24000549316406,188.99000549316406,186.92999267578125,187.5399932861328
2025-12-31,189.57000732421875,190.55999755859375,186.49000549316406,186.5
2026-01-02,189.83999633789062,192.92999267578125,188.25999450683594,188.85000610351562
2026-01-05,191.75999450683594,193.6300048828125,186.14999389648438,188.1199951171875
2026-01-06,190.52000427246094,192.1699981689453,186.82000732421875,187.24000549316406
2026-01-07,188.57000732421875,191.3699951171875,186.55999755859375,189.11000061035156
2026-01-08,189.11000061035156,189.5500030517578,183.7100067138672,185.0399932861328
2026-01-09,185.0800018310547,186.33999633789062,183.6699981689453,184.86000061035156
2026-01-12,183.22000122070312,187.1199951171875,183.02000427246094,184.94000244140625
2026-01-13,185.0,188.11000061035156,183.39999389648438,185.80999755859375
2026-01-14,184.32000732421875,184.4600067138672,180.8000030517578,183.13999938964844
2026-01-15,186.5,189.6999969482422,186.3300018310547,187.0500030517578
2026-01-16,189.0800018310547,190.44000244140625,186.0800018310547,186.22999572753906
2026-01-20,181.89999389648438,182.3800048828125,177.61000061035156,178.07000732421875
2026-01-21,179.0500030517578,185.3800048828125,178.39999389648438,183.32000732421875
2026-01-22,184.75,186.1699981689453,183.92999267578125,184.83999633789062
2026-01-23,187.5,189.60000610351562,186.82000732421875,187.6699981689453
2026-01-26,187.16000366210938,189.1199951171875,185.99000549316406,186.47000122070312
2026-01-27,187.24000549316406,190.0,185.6999969482422,188.52000427246094
2026-01-28,191.27000427246094,192.35000610351562,189.83999633789062,191.52000427246094
2026-01-29,191.33999633789062,193.47999572753906,186.05999755859375,192.50999450683594
2026-01-30,191.2100067138672,194.49000549316406,189.47000122070312,191.1300048828125
2026-02-02,187.1999969482422,190.3000030517578,184.8800048828125,185.61000061035156
2026-02-03,186.24000549316406,186.27000427246094,176.22999572753906,180.33999633789062
2026-02-04,179.4600067138672,179.5800018310547,171.91000366210938,174.19000244140625
2026-02-05,174.92999267578125,176.82000732421875,171.02999877929688,171.8800048828125
2026-02-06,176.69000244140625,187.0,174.60000610351562,185.41000366210938
2026-02-09,184.25999450683594,193.66000366210938,183.9499969482422,190.0399932861328
2026-02-10,191.3800048828125,192.47999572753906,188.1199951171875,188.5399932861328
2026-02-11,192.4499969482422,193.25999450683594,188.77000427246094,190.0500030517578
2026-02-12,193.02999877929688,193.61000061035156,186.50999450683594,186.94000244140625
2026-02-13,187.47999572753906,187.5,181.58999633789062,182.80999755859375
2026-02-17,181.75,187.14999389648438,179.17999267578125,184.97000122070312
2026-02-18,188.75,190.3699951171875,186.75999450683594,187.97999572753906
2026-02-19,187.05999755859375,188.42999267578125,185.66000366210938,187.89999389648438
2026-02-20,186.57000732421875,190.3300018310547,185.94000244140625,189.82000732421875
2026-02-23,191.39999389648438,193.9499969482422,189.5800018310547,191.5500030517578
2026-02-24,191.49000549316406,193.77000427246094,187.39999389648438,192.85000610351562
2026-02-25,194.4499969482422,197.6300048828125,193.7899932861328,195.55999755859375
2026-02-26,194.27000427246094,194.2899932861328,184.32000732421875,184.88999938964844
2026-02-27,181.25,182.58999633789062,176.3800048828125,177.19000244140625
2026-03-02,175.00999450683594,183.4600067138672,174.63999938964844,182.47999572753906
2026-03-03,178.49000549316406,180.89999389648438,176.9199981689453,180.0500030517578
2026-03-04,180.44000244140625,184.6999969482422,180.05999755859375,183.0399932861328
2026-03-05,181.1699981689453,184.05999755859375,177.8800048828125,183.33999633789062
2026-03-06,179.83999633789062,182.75999450683594,176.82000732421875,177.82000732421875
2026-03-09,176.8300018310547,182.91000366210938,175.55999755859375,182.64999389648438
2026-03-10,182.39999389648438,186.44000244140625,182.00999450683594,184.77000427246094
2026-03-11,185.91000366210938,187.6199951171875,184.4499969482422,186.02999877929688
2026-03-12,184.0500030517578,184.94000244140625,181.75,183.13999938964844
2026-03-13,184.9199981689453,186.08999633789062,179.94000244140625,180.25
2026-03-16,182.97000122070312,188.8800048828125,181.41000366210938,183.22000122070312
2026-03-17,185.05999755859375,185.39999389648438,181.67999267578125,181.92999267578125
2026-03-18,182.47999572753906,183.3800048828125,180.3300018310547,180.39999389648438
2026-03-19,178.00999450683594,179.97999572753906,175.7899932861328,178.55999755859375
2026-03-20,178.0,178.25999450683594,171.72000122070312,172.6999969482422
2026-03-23,177.25999450683594,178.3699951171875,174.75999450683594,175.63999938964844
2026-03-24,174.8300018310547,176.22000122070312,173.97999572753906,175.1999969482422
2026-03-25,177.10000610351562,181.22000122070312,176.85000610351562,178.67999267578125
2026-03-26,176.07000732421875,176.50999450683594,171.13999938964844,171.24000549316406
2026-03-27,170.0,170.97000122070312,167.00999450683594,167.52000427246094
2026-03-30,168.77999877929688,169.4499969482422,164.27000427246094,165.1699981689453
2026-03-31,166.97000122070312,174.6199951171875,166.9600067138672,174.39999389648438
2026-04-01,176.0,177.3699951171875,174.75,175.75
2026-04-02,172.17999267578125,177.49000549316406,171.3699951171875,177.38999938964844
2026-04-06,177.16000366210938,177.7899932861328,175.75999450683594,177.63999938964844
2026-04-07,175.72999572753906,178.22999572753906,173.66000366210938,178.10000610351562
2026-04-08,184.5,185.25999450683594,180.3000030517578,182.0800018310547
2026-04-09,181.83999633789062,184.0800018310547,180.6199951171875,183.91000366210938
2026-04-10,184.30999755859375,190.0,184.3000030517578,188.6300048828125
2026-04-13,186.02999877929688,189.66000366210938,185.74000549316406,189.30999755859375
2026-04-14,190.83999633789062,196.50999450683594,190.77000427246094,196.50999450683594
2026-04-15,196.5399932861328,200.39999389648438,195.74000549316406,198.8699951171875
2026-04-16,197.42999267578125,199.85000610351562,195.80999755859375,198.35000610351562
2026-04-17,199.89999389648438,201.6999969482422,199.27000427246094,201.67999267578125
2026-04-20,199.97999572753906,202.1699981689453,197.83999633789062,202.05999755859375
2026-04-21,202.1300048828125,202.75,199.0,199.8800048828125
2026-04-22,200.99000549316406,202.5,199.0,202.5
2026-04-23,202.4600067138672,203.8300018310547,197.22000122070312,199.63999938964844
2026-04-24,199.9600067138672,210.9499969482422,199.80999755859375,208.27000427246094
2026-04-27,209.64999389648438,216.8300018310547,207.3800048828125,216.61000061035156
2026-04-28,209.49000549316406,214.72999572753906,208.1999969482422,213.1699981689453
2026-04-29,212.6999969482422,212.72000122070312,207.5800018310547,209.25
2026-04-30,209.92999267578125,210.3000030517578,198.6999969482422,199.57000732421875
2026-05-01,201.27999877929688,203.0,197.1199951171875,198.4499969482422
2026-05-04,199.5,201.72999572753906,194.74000549316406,198.47999572753906
2026-05-05,199.3000030517578,200.24000549316406,196.02999877929688,196.5
2026-05-06,199.88999938964844,208.27000427246094,198.61000061035156,207.8300018310547
2026-05-07,208.33999633789062,214.1999969482422,206.5,211.5
2026-05-08,213.02999877929688,217.8000030517578,212.88999938964844,215.1999969482422
2026-05-11,214.0399932861328,222.3000030517578,213.88999938964844,219.44000244140625
2026-05-12,218.5500030517578,223.75,214.9199981689453,220.77999877929688
2026-05-13,224.92999267578125,227.83999633789062,221.57000732421875,225.8300018310547
2026-05-14,229.85000610351562,236.5399932861328,229.3000030517578,235.74000549316406
2026-05-15,229.75999450683594,231.5,224.24000549316406,225.32000732421875
2026-05-18,229.8699951171875,230.0,218.3699951171875,222.32000732421875
2026-05-19,219.6199951171875,224.47999572753906,217.91000366210938,220.61000061035156
2026-05-20,223.17999267578125,226.1300048828125,220.5,223.47000122070312
2026-05-21,222.2899932861328,227.39999389648438,217.92999267578125,219.50999450683594
2026-05-22,220.89999389648438,221.00999450683594,214.8000030517578,215.3300018310547
2026-05-26,216.5399932861328,218.17999267578125,212.0,214.86000061035156
2026-05-27,214.1199951171875,214.14999389648438,208.77999877929688,212.60000610351562
2026-05-28,211.27999877929688,215.52000427246094,211.22000122070312,214.25
2026-05-29,214.5800018310547,217.86000061035156,211.1300048828125,211.13999938964844
2026-06-01,215.72999572753906,224.8699951171875,215.6999969482422,224.36000061035156
2026-06-02,227.17999267578125,232.27999877929688,221.35000610351562,222.82000732421875
2026-06-03,221.72000122070312,222.82000732421875,214.50999450683594,214.75
2026-06-04,213.91000366210938,221.60000610351562,210.97000122070312,218.66000366210938
2026-06-05,214.52999877929688,214.8699951171875,204.3300018310547,205.10000610351562
2026-06-08,210.17999267578125,210.47000122070312,206.0,208.63999938964844
2026-06-09,210.6199951171875,211.39999389648438,199.33999633789062,208.19000244140625
2026-06-10,204.42999267578125,207.22000122070312,199.9199981689453,200.4199981689453
2026-06-11,201.49000549316406,205.66000366210938,199.5399932861328,204.8699951171875
2026-06-12,204.86000061035156,207.07000732421875,203.44000244140625,205.19000244140625
2026-06-15,208.9199981689453,212.7100067138672,208.33999633789062,212.4499969482422
2026-06-16,211.17999267578125,211.49000549316406,207.2899932861328,207.41000366210938
2026-06-17,208.52999877929688,209.2100067138672,203.0800018310547,204.64999389648438
2026-06-18,207.3300018310547,211.38999938964844,206.5,210.69000244140625
2026-06-22,211.44000244140625,213.99000549316406,207.72000122070312,208.64999389648438
2026-06-23,202.1699981689453,203.77000427246094,200.0,200.0399932861328
2026-06-24,200.1199951171875,201.6699981689453,196.5800018310547,199.0
2026-06-25,200.0800018310547,200.8000030517578,192.1300048828125,195.74000549316406
2026-06-26,193.1199951171875,195.5500030517578,191.22000122070312,192.52999877929688
2026-06-29,193.85000610351562,196.17999267578125,189.8000030517578,194.97000122070312
2026-06-30,197.24000549316406,200.6300048828125,195.11000061035156,200.08999633789062
2026-07-01,196.1999969482422,199.85000610351562,193.4499969482422,197.5800018310547
2026-07-02,197.13999938964844,200.05999755859375,192.35000610351562,194.8300018310547
2026-07-06,194.4199981689453,197.5500030517578,193.99000549316406,195.5500030517578
2026-07-07,192.3699951171875,198.41000366210938,191.13999938964844,196.92999267578125
2026-07-08,195.17999267578125,205.16000366210938,195.05999755859375,204.1199951171875
2026-07-09,204.4600067138672,204.58999633789062,198.9600067138672,202.77999877929688
2026-07-10,202.0,211.0,201.9199981689453,210.9600067138672
2026-07-13,208.5399932861328,210.57000732421875,203.0,203.52999877929688
2026-07-14,208.1999969482422,212.5500030517578,203.8000030517578,211.8000030517578
2026-07-15,211.9600067138672,213.80999755859375,206.0399932861328,212.5
2026-07-16,210.1699981689453,211.0800018310547,205.85000610351562,207.39999389648438
2026-07-17,202.63999938964844,206.64999389648438,197.97000122070312,202.80999755859375
2026-07-20,205.8699951171875,207.74000549316406,202.27999877929688,203.27999877929688
2026-07-21,207.5399932861328,208.64999389648438,204.00999450683594,207.2899932861328
2026-07-22,205.80999755859375,214.38999938964844,204.9499969482422,212.05999755859375
2026-07-23,209.4600067138672,210.8699951171875,205.9600067138672,208.75999450683594
2026-07-24,207.4499969482422,211.91000366210938,204.80999755859375,206.83999633789062
2026-07-27,208.1999969482422,208.75,195.44000244140625,196.50999450683594
2026-07-28,195.0,198.6999969482422,192.74000549316406,197.00999450683594
2026-07-29,195.85000610351562,197.07000732421875,190.00999450683594,190.00999450683594
2026-07-30,193.4499969482422,197.25,191.52000427246094,195.0399932861328
2026-07-31,198.44000244140625,202.0,194.9499969482422,200.75
2026-08-03,197.69000244140625,208.74000549316406,196.85000610351562,206.63999938964844
2026-08-04,211.3000030517578,213.05999755859375,209.0500030517578,211.94000244140625
2026-08-05,216.86000061035156,222.22000122070312,216.39999389648438,219.22000122070312
2026-08-06,221.52999877929688,223.6300048828125,217.0,218.99000549316406
2026-08-07,221.5399932861328,224.75999450683594,220.66000366210938,223.9600067138672
2026-08-10,223.39999389648438,224.13999938964844,216.77000427246094,217.5500030517578
2026-08-11,222.1699981689453,222.1999969482422,216.1999969482422,217.5
2026-08-12,221.0399932861328,225.10000610351562,220.1999969482422,224.08999633789062
2026-08-13,225.05999755859375,227.22999572753906,223.7100067138672,225.3000030517578
2026-08-14,226.77000427246094,227.49000549316406,224.5,225.16000366210938
2026-08-17,225.97999572753906,227.9199981689453,224.86000061035156,225.00999450683594
2026-08-18,220.4499969482422,221.63999938964844,218.69000244140625,219.74000549316406
2026-08-19,221.6699981689453,222.8699951171875,216.75999450683594,217.55999755859375
2026-08-20,218.36000061035156,219.86000061035156,215.66000366210938,216.85000610351562
2026-08-21,218.4199981689453,218.74000549316406,214.5,214.72000122070312
2026-08-24,215.52999877929688,215.58999633789062,207.25,208.47999572753906
2026-08-25,211.02999877929688,214.72999572753906,210.11000061035156,213.0500030517578
2026-08-26,212.63999938964844,213.60000610351562,209.22999572753906,209.66000366210938
2026-08-27,222.86000061035156,230.47000122070312,220.89999389648438,227.97999572753906
2026-08-28,227.36000061035156,229.25999450683594,216.80999755859375,217.5500030517578
2026-08-31,218.8699951171875,221.3000030517578,216.2100067138672,220.77999877929688
2026-09-01,216.75,220.41000366210938,215.10000610351562,217.44000244140625
2026-09-02,218.7899932861328,227.9499969482422,218.47999572753906,224.41000366210938
2026-09-03,226.02000427246094,230.39999389648438,224.75,228.4499969482422
2026-09-04,231.08999633789062,234.75999450683594,229.6300048828125,230.36000061035156
2026-09-08,233.11000061035156,233.7100067138672,224.85000610351562,225.72999572753906
2026-09-09,225.27999877929688,226.17999267578125,223.4600067138672,223.6699981689453
2026-09-10,220.52999877929688,220.99000549316406,217.1999969482422,218.36000061035156
2026-09-11,221.24000549316406,222.0,218.14999389648438,218.2899932861328
2026-09-14,211.24000549316406,212.77000427246094,208.92999267578125,210.9600067138672
2026-09-15,213.3800048828125,213.94000244140625,211.16000366210938,212.1699981689453
2026-09-16,214.13999938964844,216.75999450683594,212.5,213.89999389648438
2026-09-17,218.3800048828125,219.91000366210938,217.14999389648438,219.33999633789062
2026-09-18,219.35000610351562,222.72999572753906,218.02999877929688,222.27000427246094
2026-09-21,222.94000244140625,228.5,221.55999755859375,227.3800048828125
2026-09-22,226.85000610351562,229.97999572753906,226.5,228.8699951171875
2026-09-23,228.02999877929688,228.9499969482422,224.02000427246094,225.50999450683594
2026-09-24,222.0800018310547,224.94000244140625,221.08999633789062,224.5800018310547
2026-09-25,225.1300048828125,226.94000244140625,223.1300048828125,225.07000732421875
2026-09-28,229.75,233.2100067138672,228.0399932861328,228.86000061035156
2026-09-29,230.97000122070312,232.82000732421875,227.02999877929688,227.2100067138672
2026-09-30,229.27000427246094,232.3699951171875,228.1699981689453,228.3800048828125
2026-10-01,229.97999572753906,232.2899932861328,228.16000366210938,230.86000061035156
2026-10-02,236.05999755859375,237.8800048828125,233.60000610351562,233.9499969482422
